r,x,y,z,spin_x,spin_y,spin_z,obliquity
0.2501467136336691,-0.23306117496228043,7.702468952426627,-0.018679646581143752,0.0,0.0,0.00037000265468626676,0.0
0.25029368586956047,13.468622118842953,4.660861083573135,-0.4147190867941158,0.0,0.0,0.00037000265468626676,0.0
0.25044091746826913,0.665489842791127,13.266385613731842,1.0297586082772894,0.0,0.0,0.00037000265468626676,0.0
0.2505884091935255,-4.697630354353635,-13.706219772858182,0.15706748706971446,0.0,0.0,0.00037000265468626676,0.0
0.25073616176001373,0.85183583554306,9.342864138857864,0.1790719655251689,0.0,0.0,0.00037000265468626676,0.0
0.25088417609438124,8.493816927454384,9.954483390627622,0.2312421940185545,0.0,0.0,0.00037000265468626676,0.0
0.25103245281326964,8.0764621534067,11.349286022691405,1.0725785040322486,0.0,0.0,0.00037000265468626676,0.0
0.2511809927453178,-9.611054170732086,1.4416944393814717,-1.0050292603527444,0.0,0.0,0.00037000265468626676,0.0
0.2513297965650453,-7.974746497055985,12.521729893911887,-1.658553219602045,0.0,0.0,0.00037000265468626676,0.0
0.2514788652654427,15.494810894762226,-2.383541305799085,-1.3019102702129055,0.0,0.0,0.00037000265468626676,0.0
0.2516281995277077,-16.81889395088616,16.777607913258255,0.20310158144616855,0.0,0.0,0.00037000265468626676,0.0
0.25177780024696705,-0.39422104880957987,11.45283349101056,-0.003489991896901273,0.0,0.0,0.00037000265468626676,0.0
0.2519276680047148,-13.838712324336289,6.481709119618675,-1.8367235222967218,0.0,0.0,0.00037000265468626676,0.0
0.25207780370248534,-5.535482171773669,-7.069712372261642,0.4152823387827804,0.0,0.0,0.00037000265468626676,0.0
0.25222820813962277,-1.9362924811191284,7.376631821123156,-0.059882482689790344,0.0,0.0,0.00037000265468626676,0.0
0.25237888211881354,-0.3775482030019487,-13.262491724167703,1.1133020068529997,0.0,0.0,0.00037000265468626676,0.0
0.25252982644610467,-7.403684691662776,-4.434964093981714,1.7227772245250565,0.0,0.0,0.00037000265468626676,0.0
0.2526810417172311,16.67209294707204,-16.41256700161327,1.8226852866430827,0.0,0.0,0.00037000265468626676,0.0
0.2528325291720122,-8.882062059424193,-15.803678687690134,0.9218371255717901,0.0,0.0,0.00037000265468626676,0.0
0.25298428941337836,8.870580578582874,16.96272616708794,-1.3794918443124353,0.0,0.0,0.00037000265468626676,0.0
0.2531363232610011,-4.13557600374989,11.031142811739622,1.7471674162146353,0.0,0.0,0.00037000265468626676,0.0
0.25328863153800407,14.478827401331994,-8.78971412030575,1.3872259213914715,0.0,0.0,0.00037000265468626676,0.0
0.25344121507098205,14.442347531490693,2.1917018772994328,-1.8202829890494407,0.0,0.0,0.00037000265468626676,0.0
0.25359407490603514,-11.775604490473697,-17.117603673517976,-0.649820642898473,0.0,0.0,0.00037000265468626676,0.0
0.2537472112287102,12.333298585020623,0.0496992972501189,0.08214165797510982,0.0,0.0,0.00037000265468626676,0.0
0.2539006257409748,3.704950025284215,-16.130511178190634,-1.444252517903411,0.0,0.0,0.00037000265468626676,0.0
0.2540543184170824,8.106076523611671,11.0811600297635,0.37636488142985797,0.0,0.0,0.00037000265468626676,0.0
0.2542082909692563,-9.44471370793076,7.944897701010906,-0.685897133371189,0.0,0.0,0.00037000265468626676,0.0
0.2543625433757508,-15.512483482449554,-14.183781798612326,-0.4533127625508571,0.0,0.0,0.00037000265468626676,0.0
0.25451707735914175,-9.956139351902172,-14.178068900349949,-1.8379549938873492,0.0,0.0,0.00037000265468626676,0.0
0.25467189290174364,3.5846454673120856,-14.843012160663257,1.4439408651469527,0.0,0.0,0.00037000265468626676,0.0
0.25482699173658313,-12.957020956751954,-7.232898793544658,0.07588578279750234,0.0,0.0,0.00037000265468626676,0.0
0.25498237385009503,-14.825966729404712,-7.473683860564935,-0.2710682490851056,0.0,0.0,0.00037000265468626676,0.0
0.25513804098585624,-7.814728228665111,1.5547949339927614,0.6052305510281589,0.0,0.0,0.00037000265468626676,0.0
0.2552939931344829,7.84286429607776,-9.832064024820491,-0.4954249091790505,0.0,0.0,0.00037000265468626676,0.0
0.2554502316086156,-10.271961231043244,-9.03976161778432,0.546117262667363,0.0,0.0,0.00037000265468626676,0.0
0.2556067577278755,-13.822612875282175,7.722103944563194,1.038688579297143,0.0,0.0,0.00037000265468626676,0.0
0.2557635714892674,2.820914391516496,4.1037059781175,0.3457504018837161,0.0,0.0,0.00037000265468626676,0.0
0.25592067466318696,16.81379982567211,-14.316521942675001,0.2092327106949039,0.0,0.0,0.00037000265468626676,0.0
0.256078067250977,-15.289426030520813,-14.049538480557793,0.28585798343586316,0.0,0.0,0.00037000265468626676,0.0
0.2562357510339413,3.066551034223591,5.391150720887373,-1.0120661451428605,0.0,0.0,0.00037000265468626676,0.0
0.25639372601782523,5.3280671707705425,-0.14859580502866127,1.4635048837435223,0.0,0.0,0.00037000265468626676,0.0
0.25655199399494577,11.573144287558945,12.886807369780305,1.4845662498672565,0.0,0.0,0.00037000265468626676,0.0
0.2567105549755162,13.091574431531553,17.201395879108187,-0.8802515172994296,0.0,0.0,0.00037000265468626676,0.0
0.2568694107629733,14.099659953869836,-5.536627309332251,1.669505840503097,0.0,0.0,0.00037000265468626676,0.0
0.2570285613720645,-13.398140139148333,-6.276080029607293,-0.8851468704991967,0.0,0.0,0.00037000265468626676,0.0
0.25718800861745406,11.283414382328472,2.6796183152598982,-0.4910789077869876,0.0,0.0,0.00037000265468626676,0.0
0.2573477529699921,-10.653419563278158,-0.04830530829996072,1.7348453737943121,0.0,0.0,0.00037000265468626676,0.0
0.25750779490117687,6.021564425058323,-0.11734097662199351,1.1691643090676687,0.0,0.0,0.00037000265468626676,0.0
0.25766813578953,-6.784516054309586,3.497699584824484,0.5355576913582857,0.0,0.0,0.00037000265468626676,0.0
0.257828776566962,15.24664434940057,16.25617556587161,1.2412110500526985,0.0,0.0,0.00037000265468626676,0.0
0.25798971907923174,0.12533321027873645,-0.6968039774880065,-0.8615634542502434,0.0,0.0,0.00037000265468626676,0.0
0.25815096244857005,-2.1947969656264283,-8.447955816175474,0.5216270488264205,0.0,0.0,0.00037000265468626676,0.0
0.25831250852724724,-13.854763405503235,8.369101122125198,-1.6208699408423288,0.0,0.0,0.00037000265468626676,0.0
0.2584743582635998,-16.588591739054355,-7.5217860976164985,-1.472051609494302,0.0,0.0,0.00037000265468626676,0.0
0.2586365135267651,-11.066711195920266,-11.006658687927096,-1.3942939058280441,0.0,0.0,0.00037000265468626676,0.0
0.25879897344188796,3.3272787252949927,-1.4496245166649993,-1.4970840465666104,0.0,0.0,0.00037000265468626676,0.0
0.25896173988478277,15.283573076479081,6.097594036052875,0.7701302607840385,0.0,0.0,0.00037000265468626676,0.0
0.2591248138205863,2.5451522351448386,-14.395722275820134,-1.2738996527541067,0.0,0.0,0.00037000265468626676,0.0
0.25928819714227763,4.925458211595658,-3.150653249453254,1.4949209926152955,0.0,0.0,0.00037000265468626676,0.0
0.2594518889781221,-8.4965711596082,-9.81155766427635,1.4805696242631594,0.0,0.0,0.00037000265468626676,0.0
0.25961589122794637,10.643127586392085,8.299732129121459,-1.1853114317719298,0.0,0.0,0.00037000265468626676,0.0
0.259780204874072,-2.4965782145344666,10.643240443437977,-1.5789250409896425,0.0,0.0,0.00037000265468626676,0.0
0.2599448318337956,14.292716755830545,1.36892699484707,-0.8686191502488201,0.0,0.0,0.00037000265468626676,0.0
0.26010977123871654,-17.15136035457249,6.44472684033592,0.34610510260454636,0.0,0.0,0.00037000265468626676,0.0
0.2602750250131545,-15.952941555976352,4.2129101172697965,-1.7849756716282452,0.0,0.0,0.00037000265468626676,0.0
0.2604405941570113,5.510710886816044,-0.7447259726156562,-0.37566785247926965,0.0,0.0,0.00037000265468626676,0.0
0.2606064806123888,14.22137549948103,-4.252118013219278,1.3968264912862605,0.0,0.0,0.00037000265468626676,0.0
0.26077268351444255,-12.096951778263612,0.7732882721214596,0.10820325939771822,0.0,0.0,0.00037000265468626676,0.0
0.2609392048124782,-15.264727719650729,-12.326065102194065,1.819504260492651,0.0,0.0,0.00037000265468626676,0.0
0.2611060455243843,1.0803645493455603,11.76790004204824,-0.7176252651470094,0.0,0.0,0.00037000265468626676,0.0
0.26127320667261156,11.040962707782285,0.6886280340351918,1.7457607491148395,0.0,0.0,0.00037000265468626676,0.0
0.2614406902309738,-2.9684338859370145,1.5368408504633375,1.00605969093521,0.0,0.0,0.00037000265468626676,0.0
0.26160849533939673,6.61931288289755,15.613215210829889,-0.9468622182204971,0.0,0.0,0.00037000265468626676,0.0
0.2617766239791314,-0.1212748567383384,-15.604670268179406,-0.8335569598301364,0.0,0.0,0.00037000265468626676,0.0
0.26194507719113974,-11.340945522626635,16.46212671532827,-0.3071926558749013,0.0,0.0,0.00037000265468626676,0.0
0.2621138569751866,-15.658205040716808,8.626145325459738,0.6536593451194168,0.0,0.0,0.00037000265468626676,0.0
0.2622829624752831,11.354781393919373,-17.12400633268665,-0.3326120791013881,0.0,0.0,0.00037000265468626676,0.0
0.2624523956988244,10.55007846655712,7.578888083758031,0.3799220992460622,0.0,0.0,0.00037000265468626676,0.0
0.26262215770571695,-8.865258882444653,17.246218861498413,1.2314365350415073,0.0,0.0,0.00037000265468626676,0.0
0.2627922505222077,-6.062748449938395,14.886866693491859,-1.370088891179399,0.0,0.0,0.00037000265468626676,0.0
0.2629626732966431,0.30429492123431456,4.11257724633595,1.4356870332293636,0.0,0.0,0.00037000265468626676,0.0
0.2631334280630991,-4.747881595780007,4.313149059465563,0.3804852148278677,0.0,0.0,0.00037000265468626676,0.0
0.2633045159008724,-1.5553681762130716,-0.6510378546505264,-1.8039904211647837,0.0,0.0,0.00037000265468626676,0.0
0.26347593886323784,-1.7513278170184388,12.299958003415007,1.6187061213028464,0.0,0.0,0.00037000265468626676,0.0
0.26364769610313554,4.157390744644869,-15.295632055422104,0.40889425340404595,0.0,0.0,0.00037000265468626676,0.0
0.2638197896818743,4.425839312661095,-9.69508892007773,1.5301752809476878,0.0,0.0,0.00037000265468626676,0.0
0.2639922206985994,-15.77228715218685,9.703048864653596,1.105225160044787,0.0,0.0,0.00037000265468626676,0.0
0.2641649912341739,-1.2363801266832761,-12.1316804621454,-0.013061254340086466,0.0,0.0,0.00037000265468626676,0.0
0.2643381004464001,-0.2622352336553637,10.789704221725591,-1.6781224330116062,0.0,0.0,0.00037000265468626676,0.0
0.2645115504243858,8.738072894431012,-13.163324743115135,-1.5517983076674002,0.0,0.0,0.00037000265468626676,0.0
0.264685342287597,-7.183749084885494,9.695581372212647,-1.2346105450590708,0.0,0.0,0.00037000265468626676,0.0
0.2648594781450605,5.534729185901254,-0.9107218180129475,1.5871255190779867,0.0,0.0,0.00037000265468626676,0.0
0.2650339571597187,6.569814471468808,14.621139426691396,0.9059947330403678,0.0,0.0,0.00037000265468626676,0.0
0.26520878243736684,11.067271446312416,-8.009920459021641,-1.8459101328385037,0.0,0.0,0.00037000265468626676,0.0
0.26538395314362484,11.623439419335241,-13.712472958149027,0.7353473283356572,0.0,0.0,0.00037000265468626676,0.0
0.26555947141039615,-14.555772756025855,-12.21322814546938,-0.24245739836718325,0.0,0.0,0.00037000265468626676,0.0
0.2657353383885421,-9.25568242370123,7.061672708375986,-0.9875278995007326,0.0,0.0,0.00037000265468626676,0.0
0.2659115552342661,11.716380604987833,-11.535049535999827,0.29885240966607646,0.0,0.0,0.00037000265468626676,0.0
0.26608812310914587,5.22906021071225,-0.6867201933604846,0.5252912796916028,0.0,0.0,0.00037000265468626676,0.0
0.2662650431801654,-15.200289688750804,-0.8779874174469458,0.849915596665167,0.0,0.0,0.00037000265468626676,0.0
0.26644231661974727,9.256104354434829,8.558756127230023,0.04414679095481697,0.0,0.0,0.00037000265468626676,0.0
0.2666199466141171,-1.1983819477841404,-6.449842460661347,0.46559576915315315,0.0,0.0,0.00037000265468626676,0.0
0.2667979303340341,-1.5458032607247185,8.2296204238368,-1.5622726322730727,0.0,0.0,0.00037000265468626676,0.0
0.2669762709727541,-2.7133102056868608,-11.613395673176788,-0.3885808426029262,0.0,0.0,0.00037000265468626676,0.0
0.26715496972478325,12.254808114978786,3.789128018532053,-1.5365646183604622,0.0,0.0,0.00037000265468626676,0.0
0.2673340277902318,15.645788444893999,16.412950422526837,-0.560781005342669,0.0,0.0,0.00037000265468626676,0.0
0.26751344637484814,-9.251974244536228,-4.827550220279749,-0.4980148431241095,0.0,0.0,0.00037000265468626676,0.0
0.2676932266900528,-14.418274222026811,13.114670695129595,-1.3656210048835133,0.0,0.0,0.00037000265468626676,0.0
0.267873369952973,-5.611913130658346,-11.179394557469642,-1.7399833691131015,0.0,0.0,0.00037000265468626676,0.0
0.26805387738647707,5.774637034339837,-11.529497330251226,-0.6109100600674443,0.0,0.0,0.00037000265468626676,0.0
0.26823475226425353,-8.137726709740358,-6.409617691449128,-1.4090214475195957,0.0,0.0,0.00037000265468626676,0.0
0.2684159917348175,1.8261521588466039,-16.83924923630247,-1.140144086180611,0.0,0.0,0.00037000265468626676,0.0
0.2685975990793811,1.2757841400971994,12.967225781266402,-0.6425788722462795,0.0,0.0,0.00037000265468626676,0.0
0.2687795755441287,-7.198556813149912,-6.0094265827047435,-1.7819235849840513,0.0,0.0,0.00037000265468626676,0.0
0.26896192238116257,-9.91934235358424,11.834745210099314,-0.17192516017777199,0.0,0.0,0.00037000265468626676,0.0
0.2691446408485394,4.775056995370616,6.98523119425909,-0.038308094083203535,0.0,0.0,0.00037000265468626676,0.0
0.2693277322103066,-6.620981048120742,6.118461995210931,-0.9235003222609621,0.0,0.0,0.00037000265468626676,0.0
0.2695111977365389,-17.09864239599136,-12.609498853104226,-1.337181722060131,0.0,0.0,0.00037000265468626676,0.0
0.2696950407820023,-0.14172126930771223,-9.744721071097675,-0.038894828291916796,0.0,0.0,0.00037000265468626676,0.0
0.2698792584759471,2.0972443564778893,6.180055542475893,-0.10992504397097298,0.0,0.0,0.00037000265468626676,0.0
0.27006385418113255,1.6903876064547525,15.601594394499493,0.8473056136919977,0.0,0.0,0.00037000265468626676,0.0
0.2702488291921162,-4.870119879067712,10.374339262150729,1.8645276765924157,0.0,0.0,0.00037000265468626676,0.0
0.27043418480967096,-16.799832583566275,-4.603775223553024,1.1610256671180783,0.0,0.0,0.00037000265468626676,0.0
0.27061992234082344,-8.811944541058704,-14.687288345579093,0.24393021973977175,0.0,0.0,0.00037000265468626676,0.0
0.2708060430988927,0.46180247042893563,-17.148503556813715,-1.8353767436153672,0.0,0.0,0.00037000265468626676,0.0
0.2709925484035292,-10.22046676162721,4.3440598512930215,1.0534154525225392,0.0,0.0,0.00037000265468626676,0.0
0.2711794416938922,-9.763990273690531,-3.104162729502804,-1.3536161435732703,0.0,0.0,0.00037000265468626676,0.0
0.27136672008051815,-15.53823388032232,-17.160195696565925,-1.8517599754375325,0.0,0.0,0.00037000265468626676,0.0
0.27155438701106094,-5.038635456313523,1.2929556522840888,0.7393794997391331,0.0,0.0,0.00037000265468626676,0.0
0.27174244383089274,6.62099076840641,-10.884472493187944,-0.1858811175890159,0.0,0.0,0.00037000265468626676,0.0
0.27193089189191666,9.079479038118318,14.169725537153806,0.9693486485995351,0.0,0.0,0.00037000265468626676,0.0
0.27211973255260763,14.289359728967748,-0.5777378735619122,1.0599340490959464,0.0,0.0,0.00037000265468626676,0.0
0.2723089671780534,5.8028094066613285,-12.26527615658479,1.4409801620956972,0.0,0.0,0.00037000265468626676,0.0
0.27249859713999597,-16.05375785847086,-1.0268626159948242,0.763762483298232,0.0,0.0,0.00037000265468626676,0.0
0.2726886259654888,11.932035269155074,1.998432536885639,0.48813730076323336,0.0,0.0,0.00037000265468626676,0.0
0.2728790507469822,-12.218122643211572,-1.427215741895808,-0.03499726355708638,0.0,0.0,0.00037000265468626676,0.0
0.2730698750205597,-5.632654376610989,-16.752088419444426,-0.8369571497262775,0.0,0.0,0.00037000265468626676,0.0
0.2732611001850014,16.110281834039853,-6.56179317491462,-1.0298151943883063,0.0,0.0,0.00037000265468626676,0.0
0.273452727645954,5.598030150750827,0.7480735183056866,0.8067224641408702,0.0,0.0,0.00037000265468626676,0.0
0.27364475881597417,14.487442117144644,-16.91495142708423,-0.2917073474752028,0.0,0.0,0.00037000265468626676,0.0
0.2738371951145716,-6.167519994461909,-9.1114416510922,0.6673074288103611,0.0,0.0,0.00037000265468626676,0.0
0.27403003796825387,-10.494613925272736,-14.619405207276516,1.7479672215466298,0.0,0.0,0.00037000265468626676,0.0
0.2742232888105706,-9.655470404829817,6.343542166505813,0.8078857036245688,0.0,0.0,0.00037000265468626676,0.0
0.27441695127188703,-15.076573441899718,-7.841410103253965,0.5908956373232047,0.0,0.0,0.00037000265468626676,0.0
0.27461102242516233,-16.028918521821947,5.6330969284108745,-0.7074206705186126,0.0,0.0,0.00037000265468626676,0.0
0.27480550591043823,-4.552568723553977,6.467443851282483,1.102621557582456,0.0,0.0,0.00037000265468626676,0.0
0.27500040318988356,-4.355689471017862,-7.692354535061374,0.9114198116605063,0.0,0.0,0.00037000265468626676,0.0
0.27519571573293605,0.7613455811190746,3.1193206740333714,0.6854808171294561,0.0,0.0,0.00037000265468626676,0.0
0.2753914450163496,-15.671094021316755,-14.175863221699597,-1.6116263720568536,0.0,0.0,0.00037000265468626676,0.0
0.27558759252424075,7.4136958671594275,8.62564764305162,0.9748482873998918,0.0,0.0,0.00037000265468626676,0.0
0.2757841597481358,-10.692888646002348,-3.020456709565712,-0.3315277489222553,0.0,0.0,0.00037000265468626676,0.0
0.2759811504144068,14.550366035224968,6.4109624430631635,1.7114296505839028,0.0,0.0,0.00037000265468626676,0.0
0.27617856157955106,10.21411417498257,9.931943655007156,-1.6873243490127494,0.0,0.0,0.00037000265468626676,0.0
0.2763763969802341,-2.5064099069244463,15.909748500836947,-1.2698891002321273,0.0,0.0,0.00037000265468626676,0.0
0.2765746581381025,13.335453807407134,11.795837986069603,1.4527342272786203,0.0,0.0,0.00037000265468626676,0.0
0.276773346582455,-8.163179879425218,-0.7744546112569315,0.1661338194112684,0.0,0.0,0.00037000265468626676,0.0
0.27697246385029156,-7.795592495990453,-6.312991034618301,-0.8614509827571213,0.0,0.0,0.00037000265468626676,0.0
0.27717201148636367,-4.505091013991481,8.945203992878598,0.08014853307159758,0.0,0.0,0.00037000265468626676,0.0
0.27737199104322474,14.026540519956784,-15.571819220161817,-1.5169201863929467,0.0,0.0,0.00037000265468626676,0.0
0.27757240634741903,14.533149056705595,-10.530327742826996,-0.08320052619878171,0.0,0.0,0.00037000265468626676,0.0
0.27777325443990175,4.447119835245195,8.31979975372469,-0.14898226215909685,0.0,0.0,0.00037000265468626676,0.0
0.27797453915817116,-0.7681599996586125,-0.008869777013171244,0.28835346249769744,0.0,0.0,0.00037000265468626676,0.0
0.278176262086499,11.891218541929488,-6.517068596038033,-0.23372221295717502,0.0,0.0,0.00037000265468626676,0.0
0.2783784248172167,2.9108344562618207,6.1680597733778635,1.4117129184428714,0.0,0.0,0.00037000265468626676,0.0
0.27858102895076786,7.85885929902035,0.18282559185386046,0.6764318731586139,0.0,0.0,0.00037000265468626676,0.0
0.2787840760957618,-6.821728347630407,5.3170484989407605,-1.1127100948271391,0.0,0.0,0.00037000265468626676,0.0
0.2789875678690268,2.862412695654173,-4.255230606323368,1.1805276657272694,0.0,0.0,0.00037000265468626676,0.0
0.27919150820169036,-6.018770815096626,4.900089528368256,1.0872030990907613,0.0,0.0,0.00037000265468626676,0.0
0.2793958941201983,14.87031092962534,-14.396654518695165,-1.60775404960783,0.0,0.0,0.00037000265468626676,0.0
0.2796007295673387,4.762712676880162,-12.12017406312157,-0.46925552334539467,0.0,0.0,0.00037000265468626676,0.0
0.27980601619336204,-7.6547590826960015,-16.993563652469128,-1.4514097017777121,0.0,0.0,0.00037000265468626676,0.0
0.28001175565701236,-0.6061033555616882,9.347357750038794,-0.2543584596552799,0.0,0.0,0.00037000265468626676,0.0
0.280217949625584,5.294489838728367,5.0936194152662635,-1.5892988915558204,0.0,0.0,0.00037000265468626676,0.0
0.28042459977497836,-8.14758428219503,2.8030773297426412,-1.7212355933849743,0.0,0.0,0.00037000265468626676,0.0
0.2806317077897609,0.07188667493524621,0.9271984329099746,0.8190475832151793,0.0,0.0,0.00037000265468626676,0.0
0.280839275363219,9.705177360439048,-1.9069410738251282,0.038283303134654105,0.0,0.0,0.00037000265468626676,0.0
0.28104730654973703,-12.740386683146202,14.494015140234886,-0.34827792725644774,0.0,0.0,0.00037000265468626676,0.0
0.2812557983608259,-12.900916639942496,14.431950941003137,-1.0223870492816143,0.0,0.0,0.00037000265468626676,0.0
0.2814647548633869,-13.28127206992679,-15.052737108712005,0.6806632226099534,0.0,0.0,0.00037000265468626676,0.0
0.28167417778618103,7.274257386204596,8.170400738179598,0.2777522357006556,0.0,0.0,0.00037000265468626676,0.0
0.28188406886698686,-11.244335305818014,-10.110012258872075,-1.1136540587692125,0.0,0.0,0.00037000265468626676,0.0
0.28209442985266076,-7.172243503549128,14.691686037653868,-1.455910420426831,0.0,0.0,0.00037000265468626676,0.0
0.28230526249919813,7.267000525207273,8.309040612245129,-0.9656110328418592,0.0,0.0,0.00037000265468626676,0.0
0.282516568571795,2.6250888988767205,-7.267297726432497,1.6305154250892875,0.0,0.0,0.00037000265468626676,0.0
0.2827283522396902,0.8477241326835863,-7.382390973057803,0.9571644411143235,0.0,0.0,0.00037000265468626676,0.0
0.28294061050250485,-15.985947810710844,15.038228833096559,-1.176409538872065,0.0,0.0,0.00037000265468626676,0.0
0.28315334754281396,10.481117437623508,-8.474043655374004,0.6525906510259976,0.0,0.0,0.00037000265468626676,0.0
0.28336656516324166,0.9240327981640573,12.809194326380748,-1.274239669954841,0.0,0.0,0.00037000265468626676,0.0
0.2835802675924217,-7.354471109095488,0.69561258377005,-0.25146179106573363,0.0,0.0,0.00037000265468626676,0.0
0.2837944518245682,3.616056464227409,-2.4056826070237536,0.5889664103146144,0.0,0.0,0.00037000265468626676,0.0
0.2840091221020828,3.270349974058301,-16.00881904403552,-0.034549856430666354,0.0,0.0,0.00037000265468626676,0.0
0.2842242802660444,-12.643044943297443,11.12962917629092,-0.539475087084915,0.0,0.0,0.00037000265468626676,0.0
0.28443992816731023,13.168795669820227,3.761418846370899,0.2907348444652449,0.0,0.0,0.00037000265468626676,0.0
0.2846560676665826,-10.460425759123728,-3.827267412544699,-0.5115940525377286,0.0,0.0,0.00037000265468626676,0.0
0.28487270063447573,12.514363649624928,12.764234745492635,-0.6635789064941112,0.0,0.0,0.00037000265468626676,0.0
0.28508982895158475,15.890373020654266,8.07814883939939,-0.9976686315119109,0.0,0.0,0.00037000265468626676,0.0
0.2853074545085536,-12.98507516476978,16.228142763166034,0.6360816246913624,0.0,0.0,0.00037000265468626676,0.0
0.28552557920614424,-10.328060524577573,10.38824596908323,0.7953321385753461,0.0,0.0,0.00037000265468626676,0.0
0.2857442049553065,16.222591739274726,-3.336911443996334,-1.6736098421805048,0.0,0.0,0.00037000265468626676,0.0
0.28596333367724847,-9.887163137940247,2.677617465726437,0.7991766851130209,0.0,0.0,0.00037000265468626676,0.0
0.2861829673035072,3.85169564872739,14.19413662526347,-1.7830851127686098,0.0,0.0,0.00037000265468626676,0.0
0.2864031077760204,12.053580499652536,5.211346765174386,-1.1021810906065639,0.0,0.0,0.00037000265468626676,0.0
0.28662375704719845,13.762400825150142,3.142519839236616,1.1373531433054855,0.0,0.0,0.00037000265468626676,0.0
0.28684491707999704,3.9632845789840228,11.575666229538983,0.7454219007133894,0.0,0.0,0.00037000265468626676,0.0
0.2870665948614274,-17.030997322423634,5.191172297770268,-1.7341585168942886,0.0,0.0,0.00037000265468626676,0.0
0.28728878236053357,-3.630635690460124,-15.148081703640024,-1.377623403923346,0.0,0.0,0.00037000265468626676,0.0
0.2875114865741819,-16.698802142109944,-0.5560835239299533,1.738987504399311,0.0,0.0,0.00037000265468626676,0.0
0.2877347095082498,2.730132207721721,9.129868677078449,1.314541520629376,0.0,0.0,0.00037000265468626676,0.0
0.28795845317953317,-2.748713617419845,-5.198781941669153,1.4907936291257031,0.0,0.0,0.00037000265468626676,0.0
0.2881827196158228,-16.47936292216581,12.081542446658629,1.0469022654633608,0.0,0.0,0.00037000265468626676,0.0
0.2884075108559817,-3.8013074978409436,-16.82613578238226,0.16117370246800694,0.0,0.0,0.00037000265468626676,0.0
0.28863282895002296,6.716621050193988,-8.501537623329892,0.8981720547062053,0.0,0.0,0.00037000265468626676,0.0
0.2888586759591882,-10.839161703844368,-5.939063518540134,-0.563652344827805,0.0,0.0,0.00037000265468626676,0.0
0.2890850539560266,-14.472036354366395,-1.4811207602207188,-1.1273018121134957,0.0,0.0,0.00037000265468626676,0.0
0.2893119650244752,-4.511768217375877,11.695714396646686,-1.0258572243860125,0.0,0.0,0.00037000265468626676,0.0
0.28953941125993915,-1.0080057515337202,-2.503501016720651,-0.08747176762525982,0.0,0.0,0.00037000265468626676,0.0
0.2897673947693731,-14.961424630494498,-4.67678328243909,1.1228963112072938,0.0,0.0,0.00037000265468626676,0.0
0.28999591767136296,7.489149613165272,15.34543865236222,-0.7887724039119708,0.0,0.0,0.00037000265468626676,0.0
0.29022498209620906,-9.418228501506501,9.150550664154173,-0.0423150781821148,0.0,0.0,0.00037000265468626676,0.0
0.29045459018600905,13.590968779099933,-7.34047297994133,-0.2646353562611016,0.0,0.0,0.00037000265468626676,0.0
0.29068474409474226,13.184004689052985,1.4572295091609868,0.3306724950928155,0.0,0.0,0.00037000265468626676,0.0
0.29091545120616075,11.92100793212946,5.5932084824539015,-0.4312684331598132,0.0,0.0,0.00037000265468626676,0.0
0.2911467032751035,-15.230487264251202,-11.146195196162633,-0.5761872448532148,0.0,0.0,0.00037000265468626676,0.0
0.29137850769710977,-4.615969137261352,-10.691485427237534,1.8480141220070687,0.0,0.0,0.00037000265468626676,0.0
0.29161086667454206,0.13843892581063627,-2.6487076937015765,-1.030818794123288,0.0,0.0,0.00037000265468626676,0.0
0.2918437824220764,-13.229429284271042,6.6913211740540675,-0.20046268886451582,0.0,0.0,0.00037000265468626676,0.0
0.292077257166791,-3.854785151173124,7.32037178211809,-0.9687847136706735,0.0,0.0,0.00037000265468626676,0.0
0.2923112931482556,-5.228249923019777,-5.0474275692081605,-1.134583895550293,0.0,0.0,0.00037000265468626676,0.0
0.292545892618622,0.40110410900887067,16.051836041172105,0.6948215233070466,0.0,0.0,0.00037000265468626676,0.0
0.29278105784271463,11.723397354880719,-15.556163162089925,0.4885100488149866,0.0,0.0,0.00037000265468626676,0.0
0.29301679109812273,16.986928211544083,-1.5036440411536849,-1.5167363739734663,0.0,0.0,0.00037000265468626676,0.0
0.2932530946752928,-3.1504877804900873,7.455179015906655,-1.5527227373718289,0.0,0.0,0.00037000265468626676,0.0
0.2934899708776223,16.5423892283499,-1.7254296713130017,-1.1304057869974213,0.0,0.0,0.00037000265468626676,0.0
0.2937274220215537,14.111955695459498,9.533526989869205,-0.05140023352960411,0.0,0.0,0.00037000265468626676,0.0
0.29396545043666983,-2.528360076574891,15.328871666880111,0.28795151587342926,0.0,0.0,0.00037000265468626676,0.0
0.2942040584657897,-13.074911907489978,-0.7367721597696018,-0.5465325357052496,0.0,0.0,0.00037000265468626676,0.0
0.2944432484650653,-7.223335896217808,-12.491772113179557,-0.9108463837045304,0.0,0.0,0.00037000265468626676,0.0
0.29468302822724624,-12.463729004122358,10.722619336853295,-1.1887048582857407,0.0,0.0,0.00037000265468626676,0.0
0.29492338930239304,-16.59780790184893,5.087791011912705,-0.8400170850982331,0.0,0.0,0.00037000265468626676,0.0
0.29516433949718657,1.1942091858228343,9.509168854146933,0.7912358624152207,0.0,0.0,0.00037000265468626676,0.0
0.29540588122209765,-10.746745084316343,-16.951554512140543,1.4311941612912689,0.0,0.0,0.00037000265468626676,0.0
0.2956480169014277,-15.296469517708973,16.80696560690145,1.2160646666865549,0.0,0.0,0.00037000265468626676,0.0
0.2958907489734109,4.225057039240943,-14.240122052788495,-0.867484886536815,0.0,0.0,0.00037000265468626676,0.0
0.2961340798903172,-15.709439057594572,-11.578560471211464,-0.14806037128877492,0.0,0.0,0.00037000265468626676,0.0
0.29637801211855674,3.3841045452723915,7.832012242764518,1.3372745902367535,0.0,0.0,0.00037000265468626676,0.0
0.29662254813878436,-8.404631703904828,-7.7414625476703245,1.4723729087313508,0.0,0.0,0.00037000265468626676,0.0
0.2968676904460057,15.597865460835326,7.969138835605671,-1.7512979028227542,0.0,0.0,0.00037000265468626676,0.0
0.29711344154968455,-0.3867049144320716,16.450515836149016,0.5160229940037949,0.0,0.0,0.00037000265468626676,0.0
0.29735980397385003,-5.222114749073711,14.542445025426362,-0.3162040047569029,0.0,0.0,0.00037000265468626676,0.0
0.2976067802572061,7.013505388429844,12.603022259066304,1.8185121046128256,0.0,0.0,0.00037000265468626676,0.0
0.297854372953241,-14.641755275409404,-15.833847139648832,-0.2688639986389573,0.0,0.0,0.00037000265468626676,0.0
0.29810258463033845,-11.280885982494528,-8.195920873998022,1.2351586952265754,0.0,0.0,0.00037000265468626676,0.0
0.29835141787188935,1.3885258988111358,-4.5735854063370285,-0.17662652648810373,0.0,0.0,0.00037000265468626676,0.0
0.2986008752764046,-15.319765041032024,-4.49425598325896,0.4768463076481014,0.0,0.0,0.00037000265468626676,0.0
0.2988509651141785,14.778003602575842,15.861399762645613,1.2265099173146345,0.0,0.0,0.00037000265468626676,0.0
0.2991016787154556,-5.72583255048716,14.294029965466512,0.6694402860092323,0.0,0.0,0.00037000265468626676,0.0
0.2993530243671562,2.486986825173751,-1.0437779630482167,0.04903619633567627,0.0,0.0,0.00037000265468626676,0.0
0.29960500472942275,17.21805469220697,9.551703283444082,-0.2001559628304096,0.0,0.0,0.00037000265468626676,0.0
0.29985762247809816,-9.871697945884197,12.962008664808923,0.5087877410477775,0.0,0.0,0.00037000265468626676,0.0
0.30011088030484545,-1.1901816679387007,14.101044553054953,-1.8348455488053206,0.0,0.0,0.00037000265468626676,0.0
0.30036478091726815,10.507943740247393,14.267901249740174,0.568943711838147,0.0,0.0,0.00037000265468626676,0.0
0.3006193270390317,-11.521845002313965,5.878646658717544,-1.792632082903089,0.0,0.0,0.00037000265468626676,0.0
0.3008745214099866,9.003672893982387,8.427387649623476,-0.9538203172644023,0.0,0.0,0.00037000265468626676,0.0
0.3011303667862915,-11.543622205560153,-0.7268012275154243,-0.13892583297863106,0.0,0.0,0.00037000265468626676,0.0
0.30138686594053904,3.3990265910580924,12.989911653102277,0.21521652715150993,0.0,0.0,0.00037000265468626676,0.0
0.3016440216618817,13.892665116831562,5.111372786244003,-0.31363160612612634,0.0,0.0,0.00037000265468626676,0.0
0.3019018367561589,15.789608633315162,-3.0007659219480227,0.13353411327395215,0.0,0.0,0.00037000265468626676,0.0
0.3021603140460262,-9.796472285022134,1.2998802446355449,-0.4339808035168902,0.0,0.0,0.00037000265468626676,0.0
0.3024194563710846,1.6517784766117463,-5.806259679172712,-1.3967490147682642,0.0,0.0,0.00037000265468626676,0.0
0.3026792665880116,5.033641016783982,-7.921619120953687,0.0594698031968667,0.0,0.0,0.00037000265468626676,0.0
0.30293975346260743,5.00847255028764,-10.622847581219556,-1.2607074561051028,0.0,0.0,0.00037000265468626676,0.0
0.3032009081175247,-0.6688153195759449,12.132732568718712,0.34478679814968555,0.0,0.0,0.00037000265468626676,0.0
0.3034627393381982,6.238662181793099,-7.091381324626936,-1.494838418195139,0.0,0.0,0.00037000265468626676,0.0
0.3037252500509476,-7.2992081481836335,12.260931159143128,-1.4541622227510858,0.0,0.0,0.00037000265468626676,0.0
0.3039884431998433,-14.356545325390064,10.0839568441205,1.3831847801663197,0.0,0.0,0.00037000265468626676,0.0
0.30425232174684513,9.324265599097028,14.19276848935198,0.4433768404984939,0.0,0.0,0.00037000265468626676,0.0
0.30451688867194204,-1.2021954800305834,13.027535301851229,-1.7862994285668075,0.0,0.0,0.00037000265468626676,0.0
0.30478214697329364,7.716825422219267,0.9383372871321126,1.714932622125608,0.0,0.0,0.00037000265468626676,0.0
0.305048099667373,-12.261381382206075,-10.551152993711698,1.1979707617126698,0.0,0.0,0.00037000265468626676,0.0
0.3053147497891105,10.472928195464979,-7.035456071377923,-1.5674820948675874,0.0,0.0,0.00037000265468626676,0.0
0.30558210039203954,0.9979813147459409,11.650187843536033,0.502285279282728,0.0,0.0,0.00037000265468626676,0.0
0.3058501545484431,-14.828091228535419,-2.872343100652404,-1.7998674598633002,0.0,0.0,0.00037000265468626676,0.0
0.30611891534950236,12.005049349499062,16.591391931999574,-1.1881073054679796,0.0,0.0,0.00037000265468626676,0.0
0.3063883859054461,6.920138177030118,14.59034066854757,1.716996458059013,0.0,0.0,0.00037000265468626676,0.0
0.30665856934570224,7.168211162788598,11.651480720825637,-0.32596147853792506,0.0,0.0,0.00037000265468626676,0.0
0.30692946881905003,15.258601343347525,17.04614225891584,-1.1626972526510968,0.0,0.0,0.00037000265468626676,0.0
0.3072010874937746,-5.124092266674814,-9.369280138036304,-0.27393788302845956,0.0,0.0,0.00037000265468626676,0.0
0.3074734347182428,9.287873743498759,1.7953408141252059,0.40608620947674956,0.0,0.0,0.00037000265468626676,0.0
0.3077465013958062,0.8588787181191806,-5.128950647901982,-0.3341008391331054,0.0,0.0,0.00037000265468626676,0.0
0.3080202968982728,-4.637291484248457,10.641761904540886,-0.7665283149660549,0.0,0.0,0.00037000265468626676,0.0
0.30829482447352247,-4.187375494317286,-8.999080205419913,-0.7533373376824121,0.0,0.0,0.00037000265468626676,0.0
0.3085700873897344,13.722881764881322,2.242802497023116,0.8936876883826058,0.0,0.0,0.00037000265468626676,0.0
0.30884608893555027,6.349878999868897,-6.7729268002031215,1.4099810763311675,0.0,0.0,0.00037000265468626676,0.0
0.3091228324202396,-13.486330674053075,-7.057635627297834,-1.3505919984578822,0.0,0.0,0.00037000265468626676,0.0
0.30940032117386607,-2.3479740094452617,-4.071680500178893,1.2493381569508384,0.0,0.0,0.00037000265468626676,0.0
0.3096785585474562,-11.10409651326637,16.952316586887758,-0.5299038360498763,0.0,0.0,0.00037000265468626676,0.0
0.3099575479131687,-3.314951605669049,2.6513214472081947,0.9798944936485673,0.0,0.0,0.00037000265468626676,0.0
0.31023729266446703,12.032506025269166,1.3451184586417884,0.2053968900111165,0.0,0.0,0.00037000265468626676,0.0
0.31051779621629183,10.173950554208659,-1.4554736200875147,-0.05954795332112634,0.0,0.0,0.00037000265468626676,0.0
0.31079906200523666,8.037069473990563,3.190978596291843,-1.5894005708900099,0.0,0.0,0.00037000265468626676,0.0
0.31108109348972446,-13.453693819282451,-11.150957064657039,-0.8450374384927893,0.0,0.0,0.00037000265468626676,0.0
0.31136389415018645,10.0608195444464,-15.797435250624353,1.80047778576021,0.0,0.0,0.00037000265468626676,0.0
0.3116474674892422,15.568684430321936,14.925961695489589,0.4229373128880237,0.0,0.0,0.00037000265468626676,0.0
0.3119318234641869,-2.928189413707719,-14.946765227894804,-1.739277007485375,0.0,0.0,0.00037000265468626676,0.0
0.3122169527756112,-15.540454883504466,5.99441826141254,-0.9453457667507233,0.0,0.0,0.00037000265468626676,0.0
0.31250286540853145,-1.275259617738974,-15.031028026754287,-0.20343647185968594,0.0,0.0,0.00037000265468626676,0.0
0.3127895649561626,0.625684569516919,-5.191787428818808,-0.9129785532044344,0.0,0.0,0.00037000265468626676,0.0
0.3130770550348374,-16.361055887945852,-15.673831003172062,0.647339853926435,0.0,0.0,0.00037000265468626676,0.0
0.3133653392841984,-0.9017520292770262,-14.735405730859574,-0.7057237516079037,0.0,0.0,0.00037000265468626676,0.0
0.3136544213673913,9.078223719594254,14.822804250278729,1.2305872947521703,0.0,0.0,0.00037000265468626676,0.0
0.3139443049712606,-14.915550209465783,3.386713459516678,0.4445030989176651,0.0,0.0,0.00037000265468626676,0.0
0.31423499380654685,-14.852557292665164,-0.43954761841687695,-0.8491694277197088,0.0,0.0,0.00037000265468626676,0.0
0.31452649160808654,6.760255236873751,-5.376577314431122,-0.71563898858339,0.0,0.0,0.00037000265468626676,0.0
0.3148188021350131,6.228462450658404,4.095002537614202,0.8972634112581305,0.0,0.0,0.00037000265468626676,0.0
0.3151119291709611,10.972916629500356,-15.00446493762533,-1.1793568888919146,0.0,0.0,0.00037000265468626676,0.0
0.31540587652427143,-13.200520347781314,-8.302113436219365,-0.7012354811938326,0.0,0.0,0.00037000265468626676,0.0
0.3157006480281994,3.9356893536720277,17.182095679867654,-0.25653609877963307,0.0,0.0,0.00037000265468626676,0.0
0.3159962475411248,-3.379313034791648,7.792752125674875,1.361695382669678,0.0,0.0,0.00037000265468626676,0.0
0.3162926789467637,12.061094448884845,7.702159709837766,-0.476604393100576,0.0,0.0,0.00037000265468626676,0.0
0.3165899461543829,6.071625877658392,-13.299942867042335,0.14508287076611,0.0,0.0,0.00037000265468626676,0.0
0.3168880598428244,8.080778137888572,-11.603804860837482,-0.2068533390158912,0.0,0.0,0.00037000265468626676,0.0
0.31718701050459686,-6.466006111572425,-2.6496174380746074,-0.48747145458886265,0.0,0.0,0.00037000265468626676,0.0
0.31748680885172165,-8.791522957007755,-12.6864102590399,1.3027297256576296,0.0,0.0,0.00037000265468626676,0.0
0.317787458897857,-3.6755674340077054,-7.736379757332185,1.872605334467596,0.0,0.0,0.00037000265468626676,0.0
0.3180889646833175,-13.414969400514847,6.839893480474291,-1.1582168790838427,0.0,0.0,0.00037000265468626676,0.0
0.3183913302753018,6.367466622720666,10.80578207049217,0.5757334144457847,0.0,0.0,0.00037000265468626676,0.0
0.31869455976812333,-5.310643920511673,-6.475238369200379,-1.3790726609823813,0.0,0.0,0.00037000265468626676,0.0
0.31899865728344284,5.755805424961275,14.315487160990642,0.532607395809297,0.0,0.0,0.00037000265468626676,0.0
0.3193036269705041,-1.6885986378464093,-11.117461720098667,1.4875356076690094,0.0,0.0,0.00037000265468626676,0.0
0.3196094730063711,4.611021815290378,-10.018941963696268,-1.2501511604944748,0.0,0.0,0.00037000265468626676,0.0
0.31991619959616907,16.836559730585403,6.832847765820773,-0.4878177127193863,0.0,0.0,0.00037000265468626676,0.0
0.3202238109733269,-2.213478941311939,8.908066912432368,-0.371693956099448,0.0,0.0,0.00037000265468626676,0.0
0.3205323113998224,12.645207912043096,-7.137919374070909,-1.300960786141054,0.0,0.0,0.00037000265468626676,0.0
0.32084170516643057,-16.18718650375296,14.08005164716755,0.023821700822955066,0.0,0.0,0.00037000265468626676,0.0
0.3211519965929743,-2.9212986371044414,5.798382792357493,1.4834462797425347,0.0,0.0,0.00037000265468626676,0.0
0.32146319002857754,-4.7212134038336036,5.98829798409683,-0.5774787532488261,0.0,0.0,0.00037000265468626676,0.0
0.3217752969125871,16.742741043303912,9.507267054080362,-1.3451186474277075,0.0,0.0,0.00037000265468626676,0.0
0.32208830755279344,8.160869062197825,16.808457798935716,1.7509870162933654,0.0,0.0,0.00037000265468626676,0.0
0.3224022334279122,5.064001668514372,14.898284796979121,1.289433603351326,0.0,0.0,0.00037000265468626676,0.0
0.3227170790068604,13.819953913426511,9.481497776694026,1.0594747010646652,0.0,0.0,0.00037000265468626676,0.0
0.32303284878916394,14.858931828001372,-11.597249517838495,-1.467637599354673,0.0,0.0,0.00037000265468626676,0.0
0.32334954730522764,11.817751407874521,12.107772336785569,1.0877518328274585,0.0,0.0,0.00037000265468626676,0.0
0.32366717911660864,-1.7255239901806547,1.5709779063889477,-0.06027212310614621,0.0,0.0,0.00037000265468626676,0.0
0.32398574881629205,0.9669786796629972,-4.240150899819058,1.0922363060441607,0.0,0.0,0.00037000265468626676,0.0
0.32430526102896984,10.830783833228585,-11.135765155802885,0.6277274414166206,0.0,0.0,0.00037000265468626676,0.0
0.3246257204113231,-2.549479032451548,3.0723856617424254,1.3389769755424268,0.0,0.0,0.00037000265468626676,0.0
0.32494713165230676,15.41110935560136,9.056792753163878,-0.47611907197634346,0.0,0.0,0.00037000265468626676,0.0
0.3252694994734381,5.404648653910688,8.546651445371156,-1.4985298004724188,0.0,0.0,0.00037000265468626676,0.0
0.3255928286290876,2.989047751887291,8.320479090366177,1.5657024695620376,0.0,0.0,0.00037000265468626676,0.0
0.32591712390677413,15.943787215226905,8.30717223160723,1.1105718575133663,0.0,0.0,0.00037000265468626676,0.0
0.32624239012746187,-9.631015199505864,-1.5442257093296319,0.9489232642349765,0.0,0.0,0.00037000265468626676,0.0
0.326568632145862,-2.6267005659054674,-13.296980484787733,0.2741998107197121,0.0,0.0,0.00037000265468626676,0.0
0.32689585485073663,-3.120031493189468,0.7527509621193458,1.3596144865429454,0.0,0.0,0.00037000265468626676,0.0
0.3272240705906654,10.292401195613602,1.1232056567236754,-1.850491748610374,0.0,0.0,0.00037000265468626676,0.0
0.327553269494955,-13.771415259716564,-11.865841710318408,1.2082823161738032,0.0,0.0,0.00037000265468626676,0.0
0.32788346395951895,-10.074225312744932,12.648945134408706,1.450679043184525,0.0,0.0,0.00037000265468626676,0.0
0.32821465901243574,9.59399400636202,3.6858239542230726,-0.4396078395552188,0.0,0.0,0.00037000265468626676,0.0
0.32854685971740766,-1.482788585426952,-4.337599281223532,-0.4685028600720777,0.0,0.0,0.00037000265468626676,0.0
0.32888007117408635,-7.64710526656547,-9.30116596377586,-0.8920169426626166,0.0,0.0,0.00037000265468626676,0.0
0.3292142985184013,-11.73749430355208,16.304095221351904,-1.8158549790508947,0.0,0.0,0.00037000265468626676,0.0
0.3295495469228925,-10.952322249867212,-9.26606827411264,1.1946922258010273,0.0,0.0,0.00037000265468626676,0.0
0.32988582159704677,-10.669468676072281,9.048225405721057,-0.9211264449188671,0.0,0.0,0.00037000265468626676,0.0
0.33022312778763724,-5.552275183288571,-11.205513673058016,-1.0560629087395585,0.0,0.0,0.00037000265468626676,0.0
0.3305614707790681,-5.466967823353009,12.185965726090519,-1.253517634010745,0.0,0.0,0.00037000265468626676,0.0
0.33090085589372153,5.960423906844232,5.466840297129016,1.3765297643850842,0.0,0.0,0.00037000265468626676,0.0
0.3312412884923094,6.249597180438702,11.879405299892623,-0.023775061269035513,0.0,0.0,0.00037000265468626676,0.0
0.3315827739742293,11.772282081735582,10.334987079482575,-0.05764874288723076,0.0,0.0,0.00037000265468626676,0.0
0.33192531777792417,6.246477308916058,16.77837387459677,0.47486132588384444,0.0,0.0,0.00037000265468626676,0.0
0.33226892538124564,-9.099365049025915,-12.1351645172268,0.24015383214430763,0.0,0.0,0.00037000265468626676,0.0
0.3326136101002602,8.91470395401895,5.366668060980469,-1.291317834768279,0.0,0.0,0.00037000265468626676,0.0
0.3329593619202148,12.81726752846824,7.198656886645654,0.7651696865180798,0.0,0.0,0.00037000265468626676,0.0
0.33330619421363256,-13.848975459774536,-13.283039947351844,0.5661000487041914,0.0,0.0,0.00037000265468626676,0.0
0.3336541126197237,-5.515602265223459,10.65625133407709,0.8779258549038983,0.0,0.0,0.00037000265468626676,0.0
0.3340031228189898,-11.363306014428748,-13.491904012625879,-1.6575427851860272,0.0,0.0,0.00037000265468626676,0.0
0.3343532305336131,7.320178443577516,-6.58381520201807,-0.1268978015465802,0.0,0.0,0.00037000265468626676,0.0
0.3347044415278508,6.248204467768925,-0.39344207417891414,-1.7393000953480302,0.0,0.0,0.00037000265468626676,0.0
0.33505676160843345,-15.624783175516828,-2.966830942339026,0.8518287325598065,0.0,0.0,0.00037000265468626676,0.0
0.33541019662496846,-1.6966326216463101,-15.75581956916581,-0.7835685409617024,0.0,0.0,0.00037000265468626676,0.0
0.33576476049253673,15.078705749571448,-5.506011704885034,-0.14589575498658014,0.0,0.0,0.00037000265468626676,0.0
0.3361204350811602,8.506489237624512,4.9063188744729445,1.427714248890789,0.0,0.0,0.00037000265468626676,0.0
0.3364772585114772,-11.918336389429813,-2.276981226119552,0.3353202412929613,0.0,0.0,0.00037000265468626676,0.0
0.3368352045664382,-3.1558998328631653,5.0428933094487105,-0.6812308729161699,0.0,0.0,0.00037000265468626676,0.0
0.3371943116614419,12.525548181397449,0.4988737136274245,1.170651229880761,0.0,0.0,0.00037000265468626676,0.0
0.33755455346344826,-13.015395135466466,12.302984941002027,0.5249616389017512,0.0,0.0,0.00037000265468626676,0.0
0.33791596868654017,12.853378336071403,-13.428311093728615,-1.7033048331583682,0.0,0.0,0.00037000265468626676,0.0
0.3382785308812262,-16.990663118238267,3.52830714138968,1.8634073987061262,0.0,0.0,0.00037000265468626676,0.0
0.33864227906427097,-6.161006809193471,-12.886652449046306,1.4472595734636,0.0,0.0,0.00037000265468626676,0.0
0.3390071866692794,10.757659774727207,-0.5955857124672509,-0.8461962842152281,0.0,0.0,0.00037000265468626676,0.0
0.339373293019771,10.950950152202141,0.5979529723167303,-0.3963421781780094,0.0,0.0,0.00037000265468626676,0.0
0.33974057143200365,15.918297595154092,-13.782539761670826,0.20591942046856115,0.0,0.0,0.00037000265468626676,0.0
0.3401090615404029,4.268920341098358,-10.454990387949955,0.5258869859781278,0.0,0.0,0.00037000265468626676,0.0
0.3404787365434452,14.348604799248601,-0.34236869910704265,-1.850101459050766,0.0,0.0,0.00037000265468626676,0.0
0.3408496363906926,-10.389460978628902,7.237257444551271,0.8726764670683425,0.0,0.0,0.00037000265468626676,0.0
0.34122173416241625,2.3211961316889544,6.244681367604936,-0.8412490492773632,0.0,0.0,0.00037000265468626676,0.0
0.34159507012762674,-2.1403165967917266,-14.224527829355214,-1.2387949743221018,0.0,0.0,0.00037000265468626676,0.0
0.3419696341983842,-10.367854288516238,-7.485643669629914,-1.3606534176561034,0.0,0.0,0.00037000265468626676,0.0
0.34234541611631836,-9.110085197650237,12.209585212147353,-1.8500184803299433,0.0,0.0,0.00037000265468626676,0.0
0.34272245663788486,10.890127219736,-16.127896271022188,1.1354992361379619,0.0,0.0,0.00037000265468626676,0.0
0.3431007285460541,-11.610844630332828,-17.129718413790723,-1.6115489688739444,0.0,0.0,0.00037000265468626676,0.0
0.34348027292788086,-5.739102032363878,-13.436190860155312,0.6022287774319194,0.0,0.0,0.00037000265468626676,0.0
0.34386106244673215,-16.259527276755495,2.0887260812798445,0.6286467397888231,0.0,0.0,0.00037000265468626676,0.0
0.3442431385248751,13.236517178284123,-14.07003588487557,-1.4265929084771218,0.0,0.0,0.00037000265468626676,0.0
0.3446264737057019,16.869132029727083,-14.181324350875776,0.9962971899500156,0.0,0.0,0.00037000265468626676,0.0
0.3450111097513969,11.201429784429907,-6.12738202621309,-0.32389917295144416,0.0,0.0,0.00037000265468626676,0.0
0.34539701908501935,-7.870905830130251,-13.600913004621148,-0.17478615110010043,0.0,0.0,0.00037000265468626676,0.0
0.34578424381346884,8.729115451400087,-1.9676694755676858,1.7453712483221937,0.0,0.0,0.00037000265468626676,0.0
0.3461727562391276,-13.577856748156586,16.333307067276944,-0.857690731712755,0.0,0.0,0.00037000265468626676,0.0
0.3465625988185044,-15.022794131589292,15.229769658625141,-0.015532897694821786,0.0,0.0,0.00037000265468626676,0.0
0.34695374373297594,-3.6161438785788236,15.39845181209548,0.28033121882048184,0.0,0.0,0.00037000265468626676,0.0
0.3473462337936523,8.406540788818154,-10.053342467517568,-0.28956607600236856,0.0,0.0,0.00037000265468626676,0.0
0.3477400588836288,16.056824433168703,11.755035272126218,-0.22291749862610266,0.0,0.0,0.00037000265468626676,0.0
0.3481352087045989,1.4341465936326168,-11.203595242728662,-1.2664117746350894,0.0,0.0,0.00037000265468626676,0.0
0.34853172660915976,1.1147865803438959,-2.165729007529108,0.29399327844794093,0.0,0.0,0.00037000265468626676,0.0
0.3489295844748416,14.195813608193932,-9.330968663833795,1.0956938201794968,0.0,0.0,0.00037000265468626676,0.0
0.34932882602176973,-5.5558176383897795,6.366419372717163,-0.7007933129264585,0.0,0.0,0.00037000265468626676,0.0
0.3497294230054496,-7.919288628475914,7.55648976796606,1.3786716364228773,0.0,0.0,0.00037000265468626676,0.0
0.3501314195188907,9.176433806775254,9.349535064043161,1.0812005993611553,0.0,0.0,0.00037000265468626676,0.0
0.350534787195324,-8.258495350500684,-3.4577812990438597,1.4121583942944014,0.0,0.0,0.00037000265468626676,0.0
0.35093957050610974,10.21623221678155,12.031692453024698,0.6176241866277918,0.0,0.0,0.00037000265468626676,0.0
0.3513457409619743,-6.204404464060474,-3.0054794378394427,0.9657025309090255,0.0,0.0,0.00037000265468626676,0.0
0.35175334341820846,-14.2421063257245,12.047023400218148,-0.7843391652041717,0.0,0.0,0.00037000265468626676,0.0
0.3521623492628257,-0.3524201737544055,-9.239385798260281,0.35553737348483894,0.0,0.0,0.00037000265468626676,0.0
0.3525728037407427,13.654617045718465,-12.543842050140384,0.7882096751158,0.0,0.0,0.00037000265468626676,0.0
0.35298467811707357,15.478901714487229,-10.953792159817155,-0.36650854349924444,0.0,0.0,0.00037000265468626676,0.0
0.3533980180321766,-2.4138653466818702,12.27432330740249,-0.9366676816413989,0.0,0.0,0.00037000265468626676,0.0
0.35381279462810294,3.1089275536006973,-16.953155312563307,1.4730955867492508,0.0,0.0,0.00037000265468626676,0.0
0.3542290539465898,-7.687739167710551,8.510187388859293,-0.7264574783675535,0.0,0.0,0.00037000265468626676,0.0
0.3546467859127472,-16.785856055962824,9.991335656133762,-0.40065420069371344,0.0,0.0,0.00037000265468626676,0.0
0.35506598025697506,11.663342327647102,-7.855444335335636,0.3434322789795865,0.0,0.0,0.00037000265468626676,0.0
0.3554866836344924,-14.801275865982205,-6.999037674693053,-1.7890691261173264,0.0,0.0,0.00037000265468626676,0.0
0.3559088668791434,6.772931340781351,-1.4827233042216714,-1.4432215966677149,0.0,0.0,0.00037000265468626676,0.0
0.3563325770629275,5.449543878302771,-14.83608690806408,-1.7603042214803999,0.0,0.0,0.00037000265468626676,0.0
0.3567577848962574,-10.873135215839842,-1.370658228828515,0.7386287184749273,0.0,0.0,0.00037000265468626676,0.0
0.35718453787430543,1.1995875650702417,-3.7135382808735593,1.5253384595217623,0.0,0.0,0.00037000265468626676,0.0
0.35761280658401057,-7.993659614382814,15.775832824027235,1.4759867097921826,0.0,0.0,0.00037000265468626676,0.0
0.35804263895024907,-14.361485457002026,4.081525626709037,1.5084949290436467,0.0,0.0,0.00037000265468626676,0.0
0.35847400543647406,4.35348896788281,4.294449763361956,-0.35736614079864015,0.0,0.0,0.00037000265468626676,0.0
0.35890695440393905,3.00772931660059,-8.793637525939753,0.7114090758277792,0.0,0.0,0.00037000265468626676,0.0
0.3593414561926315,-8.117106613166778,12.655521337108121,-0.6578423673296775,0.0,0.0,0.00037000265468626676,0.0
0.3597775596070009,-11.827871827262836,-11.683513635163859,-0.4219813105861536,0.0,0.0,0.00037000265468626676,0.0
0.3602152348636231,-1.6491316171959398,-3.5744643253523867,-1.7604628212002646,0.0,0.0,0.00037000265468626676,0.0
0.36065453121711255,-4.713991370689059,-11.644354435625964,0.5947231594819574,0.0,0.0,0.00037000265468626676,0.0
0.3610954187607224,-1.857831037385886,13.022648154068532,-0.04962609150710443,0.0,0.0,0.00037000265468626676,0.0
0.36153794720635574,8.067701275535747,-6.930603153720814,0.46458439177312133,0.0,0.0,0.00037000265468626676,0.0
0.3619821066279007,2.9875125144529773,-11.835308796144586,-1.1794038570230332,0.0,0.0,0.00037000265468626676,0.0
0.3624278868903352,-12.57573948734614,-4.6899914841573525,0.30886969303197753,0.0,0.0,0.00037000265468626676,0.0
0.36287533840520453,12.290082819104544,-11.357639934548116,-0.8534421628805787,0.0,0.0,0.00037000265468626676,0.0
0.36332443095809086,1.7138969865466052,16.040538482517817,-0.6849890020623066,0.0,0.0,0.00037000265468626676,0.0
0.36377521543633995,-3.4078169600270107,1.4530991960478516,-1.7673187254189389,0.0,0.0,0.00037000265468626676,0.0
0.3642276615028267,8.025648871192457,-16.378509983400786,-1.4002250054769991,0.0,0.0,0.00037000265468626676,0.0
0.3646818205283957,-8.97182048890312,10.283061523818944,-0.5112570650609586,0.0,0.0,0.00037000265468626676,0.0
0.3651376620534849,-6.465222524297046,10.807407007716488,-1.0318867058574088,0.0,0.0,0.00037000265468626676,0.0
0.36559523794031157,9.54839222373377,15.967266314863254,-0.3864149294368866,0.0,0.0,0.00037000265468626676,0.0
0.36605451760719254,6.925559143398354,6.697523397197372,0.5308143403360042,0.0,0.0,0.00037000265468626676,0.0
0.3665155534157716,14.156104097607376,-1.639690146398656,0.63107891629287,0.0,0.0,0.00037000265468626676,0.0
0.36697831466260816,0.5340939419405012,-16.077887860738855,1.3399624620576442,0.0,0.0,0.00037000265468626676,0.0
0.3674428542170118,7.796553049113794,13.011287802601242,0.5920944670695982,0.0,0.0,0.00037000265468626676,0.0
0.367909141254199,12.061270922658483,-7.930429916305176,-0.759643915776208,0.0,0.0,0.00037000265468626676,0.0
0.36837722915957505,-1.719282391731364,-1.364713749739755,1.5353908571851504,0.0,0.0,0.00037000265468626676,0.0
0.36884708698748,14.587768546896573,-9.97968657020585,-0.6801762854569391,0.0,0.0,0.00037000265468626676,0.0
0.36931876864804164,-0.32234958271082625,10.582560687622554,0.39809050246463606,0.0,0.0,0.00037000265468626676,0.0
0.36979226450864167,-3.796502992580352,-4.4138441897608125,-0.6015049989180119,0.0,0.0,0.00037000265468626676,0.0
0.37026756471277045,11.006658829471927,12.4896267081598,-0.9731463430336755,0.0,0.0,0.00037000265468626676,0.0
0.3707447239742656,-11.485026594442001,13.17981155277242,-0.2333673489768567,0.0,0.0,0.00037000265468626676,0.0
0.3712237110476833,-14.454918506383772,-11.664305997507402,0.9537123304101486,0.0,0.0,0.00037000265468626676,0.0
0.3717045811940499,-3.0702282245303456,8.760983714964475,0.6256629834188203,0.0,0.0,0.00037000265468626676,0.0
0.37218730304912884,-10.046793380306541,-7.674138976138375,-0.7265608057607724,0.0,0.0,0.00037000265468626676,0.0
0.37267193243049707,-13.004020698515385,-3.772245838019996,0.7698360280677253,0.0,0.0,0.00037000265468626676,0.0
0.37315843785586084,0.17048161256310956,-5.8870318773096155,-1.0864868707048019,0.0,0.0,0.00037000265468626676,0.0
0.37364687570893473,-7.511506603171464,6.147126680588127,-0.8868422451616647,0.0,0.0,0.00037000265468626676,0.0
0.37413721439017117,8.586487075721605,-5.162438502054293,-0.732209441137782,0.0,0.0,0.00037000265468626676,0.0
0.37462951085924023,7.94087611146891,16.98285009183794,0.5540084933182867,0.0,0.0,0.00037000265468626676,0.0
0.3751237334002148,1.5379790839533665,15.379394164752151,-1.405417888224117,0.0,0.0,0.00037000265468626676,0.0
0.3756199395587773,-16.02317263013714,2.8859952929842523,-1.6458262403502006,0.0,0.0,0.00037000265468626676,0.0
0.3761180975035696,2.571032770144724,-4.6234626384659245,1.7370378161507725,0.0,0.0,0.00037000265468626676,0.0
0.3766182653765891,9.132137608996043,0.11615086510400556,0.7647953457834221,0.0,0.0,0.00037000265468626676,0.0
0.3771204339651237,1.261625875242888,-3.1932769975843467,-0.7473879959088806,0.0,0.0,0.00037000265468626676,0.0
0.37762459381888924,-8.457669081218805,0.7933812967149333,0.9342396196238575,0.0,0.0,0.00037000265468626676,0.0
0.3781308039942366,15.99424188266988,-4.618372600978535,1.592751436042685,0.0,0.0,0.00037000265468626676,0.0
0.3786390323758982,14.059162161546528,-15.434714139180867,0.0909216075446166,0.0,0.0,0.00037000265468626676,0.0
0.3791493386434233,9.050645854704957,-9.87930720009097,-1.7335967480800196,0.0,0.0,0.00037000265468626676,0.0
0.37966169057007004,12.328973124565486,10.80157934566522,-0.9351352151919188,0.0,0.0,0.00037000265468626676,0.0
0.3801761484698119,5.710401509981259,16.268447699672823,-1.6367717413121106,0.0,0.0,0.00037000265468626676,0.0
0.3806926800057608,11.009376888397227,-14.836566721942544,0.9869576205348553,0.0,0.0,0.00037000265468626676,0.0
0.3812113461378227,-7.016872439954208,-3.849016425430793,1.2262683344861809,0.0,0.0,0.00037000265468626676,0.0
0.38173211442038757,8.482778652901,6.246215414042895,-0.08216334094146972,0.0,0.0,0.00037000265468626676,0.0
0.38225504647109393,16.713715663833312,-3.908628336969323,-0.8362081979584092,0.0,0.0,0.00037000265468626676,0.0
0.38278010973713383,-4.114947721356686,-0.012368822907289944,0.6717189282386574,0.0,0.0,0.00037000265468626676,0.0
0.38330736650597924,5.73860671150044,-2.986549522527333,0.6911043629955176,0.0,0.0,0.00037000265468626676,0.0
0.3838367841192535,-13.781743617713797,11.42776621209804,1.2261157523414679,0.0,0.0,0.00037000265468626676,0.0
0.3843684255466745,-16.34698928039356,0.3597287567179664,-1.6840623730365618,0.0,0.0,0.00037000265468626676,0.0
0.3849022580260353,5.557511669789795,13.788166024193991,-0.3952177971891562,0.0,0.0,0.00037000265468626676,0.0
0.3854383452220327,-14.828499365488872,7.7818985707129205,1.7832768810970983,0.0,0.0,0.00037000265468626676,0.0
0.3859766786430194,3.0127302580236366,-15.277892828246657,-1.01205063849196,0.0,0.0,0.00037000265468626676,0.0
0.38651724954412797,-11.601388360973186,-14.951776567256722,-1.5059331620154617,0.0,0.0,0.00037000265468626676,0.0
0.3870601226571357,-7.978580515847257,7.9578450270314764,0.3305873819597982,0.0,0.0,0.00037000265468626676,0.0
0.38760526496863307,-10.206190341728478,-12.51804190955931,1.866596163359385,0.0,0.0,0.00037000265468626676,0.0
0.38815274193868443,12.148326982897618,-14.659809118797323,0.660271041333571,0.0,0.0,0.00037000265468626676,0.0
0.38870252045707704,-0.7141574999309948,0.8881569762102536,-1.0687589630953502,0.0,0.0,0.00037000265468626676,0.0
0.38925466672610515,15.718658089426933,11.080205226403082,-0.6493301867276079,0.0,0.0,0.00037000265468626676,0.0
0.38980914754105267,9.424394519109224,-9.583488561385458,-0.9941727232680939,0.0,0.0,0.00037000265468626676,0.0
0.39036602986075897,-2.339833306218068,9.823920854724497,-1.7851032337730832,0.0,0.0,0.00037000265468626676,0.0
0.39092528038844615,-8.897799209877705,-13.108033596173334,-0.029174285960626156,0.0,0.0,0.00037000265468626676,0.0
0.3914869668541979,-16.519609687347316,0.721987136389124,1.3842028411564204,0.0,0.0,0.00037000265468626676,0.0
0.39205105587176475,7.418656319260374,10.664369472310284,-1.722165439789712,0.0,0.0,0.00037000265468626676,0.0
0.3926176159575712,-14.179804068174171,-1.4810323650953556,1.1178927634854763,0.0,0.0,0.00037000265468626676,0.0
0.3931866136386414,-12.252822636717172,-3.1403665854879774,1.057758588863085,0.0,0.0,0.00037000265468626676,0.0
0.39375811823324885,3.5861293975819435,-2.0008711591303476,1.7777995928922132,0.0,0.0,0.00037000265468626676,0.0
0.39433209618459875,-9.657294904316386,-9.12163787574536,0.3310954252610648,0.0,0.0,0.00037000265468626676,0.0
0.3949086176287475,-10.942524842372626,11.340828794018545,-0.09057818562396991,0.0,0.0,0.00037000265468626676,0.0
0.395487675147175,11.890099423140907,11.171177321961492,1.2283478765270677,0.0,0.0,0.00037000265468626676,0.0
0.39606926105304663,8.885669362565471,15.43644586552436,-1.614967391597116,0.0,0.0,0.00037000265468626676,0.0
0.39665344673994535,13.185932205908944,5.499681373432046,-1.3886689187539942,0.0,0.0,0.00037000265468626676,0.0
0.39724019845538633,0.12270740569931123,-1.5790025826074279,1.5928493926877194,0.0,0.0,0.00037000265468626676,0.0
0.3978295884525292,2.952849079865464,-5.262545007682695,1.4458633350562828,0.0,0.0,0.00037000265468626676,0.0
0.3984215829066426,15.343716262002468,-4.659323511482016,-0.6363791545214791,0.0,0.0,0.00037000265468626676,0.0
0.39901625494800547,-10.286105239498188,6.6257980081810475,1.4541665850244603,0.0,0.0,0.00037000265468626676,0.0
0.3996135706833808,5.781355924619289,7.457347197619174,0.6830959464154602,0.0,0.0,0.00037000265468626676,0.0
0.4002136041382072,15.025314052552181,13.297127824267113,-0.489946983835949,0.0,0.0,0.00037000265468626676,0.0
0.40081632135469275,12.705479412509963,-10.151109167371445,-0.3129331905319597,0.0,0.0,0.00037000265468626676,0.0
0.40142179727199045,-14.974439831358495,-15.480725575537608,1.562962261472181,0.0,0.0,0.00037000265468626676,0.0
0.40202999787192484,6.64757808625101,-15.925748322304953,1.3584482571382646,0.0,0.0,0.00037000265468626676,0.0
0.40264099902645145,3.5932260138982244,-15.923506072578634,-0.7041031919110857,0.0,0.0,0.00037000265468626676,0.0
0.40325476666141397,15.616872812379908,-15.344647887086042,0.7537986010193567,0.0,0.0,0.00037000265468626676,0.0
0.4038713776012111,-3.3758870547873747,-14.554482179334798,1.1574246727373252,0.0,0.0,0.00037000265468626676,0.0
0.4044907977203503,11.892095764743383,-3.0662013495769407,1.5973257192614052,0.0,0.0,0.00037000265468626676,0.0
0.4051131048158871,-14.21722785311213,12.387985188547619,1.721967352675648,0.0,0.0,0.00037000265468626676,0.0
0.4057382930269114,9.473000055358517,-6.476330793411751,1.7327456517360815,0.0,0.0,0.00037000265468626676,0.0
0.40636635621088346,12.17153018013835,-13.193709808179868,-1.0681766820755165,0.0,0.0,0.00037000265468626676,0.0
0.40699737366306216,10.685188927924074,11.18896427615569,0.7349637467235935,0.0,0.0,0.00037000265468626676,0.0
0.4076313111516314,16.444439828710056,12.80110692370509,0.50595477994999,0.0,0.0,0.00037000265468626676,0.0
0.40826824899768893,14.813245099611613,-0.4962965993656739,-0.28496405139754644,0.0,0.0,0.00037000265468626676,0.0
0.40890815293642163,1.9425641031613372,-7.275756835818467,-1.664380795278752,0.0,0.0,0.00037000265468626676,0.0
0.40955110433715747,9.475430150437786,5.074296799018011,1.5344755020148129,0.0,0.0,0.00037000265468626676,0.0
0.41019706890797564,-17.095323486706594,9.263318763848687,1.7987053331510585,0.0,0.0,0.00037000265468626676,0.0
0.4108461290895013,11.559297740874975,-12.393698749070357,1.3431510718164938,0.0,0.0,0.00037000265468626676,0.0
0.4114982505689104,-2.3357871949357243,10.932967037192455,0.834623105637852,0.0,0.0,0.00037000265468626676,0.0
0.4121535168818931,1.8830098320586302,5.400696384937703,1.2552360246006233,0.0,0.0,0.00037000265468626676,0.0
0.4128118937012569,0.1268931715980847,5.2321696067261865,-0.9821315076951224,0.0,0.0,0.00037000265468626676,0.0
0.41347346568225357,9.507477547370122,-10.448689638230526,-0.3687927354047027,0.0,0.0,0.00037000265468626676,0.0
0.4141381984902038,-5.355357769277196,0.09249995283437265,-0.29534556653041166,0.0,0.0,0.00037000265468626676,0.0
0.41480617792517327,9.518350092253595,-0.560281941331208,-0.15564528652494336,0.0,0.0,0.00037000265468626676,0.0
0.4154774000512725,8.393058930401757,-0.8718925353247756,1.5177443114861608,0.0,0.0,0.00037000265468626676,0.0
0.41615186064232684,8.481551622973603,1.7261504024940326,1.565434754811008,0.0,0.0,0.00037000265468626676,0.0
0.4168296472647114,-5.695967372390359,15.582127552668673,0.6071782918378861,0.0,0.0,0.00037000265468626676,0.0
0.41751072559757263,-7.938167415913566,12.802130172821624,0.7005493316966092,0.0,0.0,0.00037000265468626676,0.0
0.4181951844187356,13.39325503939004,4.169925029135952,-1.2007692337402207,0.0,0.0,0.00037000265468626676,0.0
0.4188829894269359,1.9220525403466986,-17.056571861252806,0.6986202305303421,0.0,0.0,0.00037000265468626676,0.0
0.41957423063958793,-1.0924711341725206,-8.305622035433082,0.7184391735164458,0.0,0.0,0.00037000265468626676,0.0
0.42026887378368694,-4.66170955401859,13.299792430791927,1.7482327114700007,0.0,0.0,0.00037000265468626676,0.0
0.4209670101452763,1.370109322591119,14.360211103508352,0.5371616474550271,0.0,0.0,0.00037000265468626676,0.0
0.4216686054887349,-0.9265399987317844,-5.6229042088997065,0.3539109654243163,0.0,0.0,0.00037000265468626676,0.0
0.42237375239871044,-16.47626979657913,-6.152299645484966,0.26028397619754756,0.0,0.0,0.00037000265468626676,0.0
0.4230824166865672,5.316909430327248,-12.442284064031297,0.9074039209742925,0.0,0.0,0.00037000265468626676,0.0
0.42379469226650646,-11.569433424874886,-15.55806611905462,0.5290251090532386,0.0,0.0,0.00037000265468626676,0.0
0.4245105450069807,16.814221889389774,10.824322633551727,-0.21326616540132712,0.0,0.0,0.00037000265468626676,0.0
0.42523007018370745,5.91767401954557,16.12546529353884,-0.6233473182414095,0.0,0.0,0.00037000265468626676,0.0
0.42595323373285765,-15.564232215664028,-8.381620879113385,-1.4906592124939222,0.0,0.0,0.00037000265468626676,0.0
0.426680132324683,7.017612919022689,-13.276096837593773,0.6590177307124485,0.0,0.0,0.00037000265468626676,0.0
0.4274107650686097,0.9868982377096646,-0.1901520942543665,0.4330286913787763,0.0,0.0,0.00037000265468626676,0.0
0.42814513078048333,-16.27916006238918,-0.21713968006983406,0.6556613779714187,0.0,0.0,0.00037000265468626676,0.0
0.42888332828669856,0.4695414022422528,11.19823943694894,1.0036459498139858,0.0,0.0,0.00037000265468626676,0.0
0.4296253237429387,6.885163131218522,-4.777707191698803,-1.1572728694053314,0.0,0.0,0.00037000265468626676,0.0
0.43037121745758705,-16.17216756026925,7.890326626644718,-1.853381293018252,0.0,0.0,0.00037000265468626676,0.0
0.4311209756958077,0.3804034881461944,-5.25441240481571,1.497034066804739,0.0,0.0,0.00037000265468626676,0.0
0.43187470028504304,10.142565116619263,-14.893911593507774,-1.7934772105223922,0.0,0.0,0.00037000265468626676,0.0
0.43263235761329827,12.269270883773459,9.44561717817246,0.5149179619347791,0.0,0.0,0.00037000265468626676,0.0
0.43339405106541495,-1.2909539249418562,-3.4740176179437072,-1.0467224034752503,0.0,0.0,0.00037000265468626676,0.0
0.4341597471662969,15.965003256976615,-9.888759462567867,1.7711831037837693,0.0,0.0,0.00037000265468626676,0.0
0.4349295508978494,-9.077299442514876,-0.27045515919697494,0.4146102871265734,0.0,0.0,0.00037000265468626676,0.0
0.43570342893666486,-4.851657132249455,-14.561168073900992,1.0953968490124801,0.0,0.0,0.00037000265468626676,0.0
0.4364814879027592,-8.274908672707701,3.701529697515286,0.6593755755749209,0.0,0.0,0.00037000265468626676,0.0
0.43726369463997555,-0.40707227244382777,15.762740379238561,0.8392318875413582,0.0,0.0,0.00037000265468626676,0.0
0.43805015744892906,11.227890599781757,-3.266362772228822,-0.47368373390858276,0.0,0.0,0.00037000265468626676,0.0
0.4388408433570889,-7.329659718624048,-3.823286782361629,0.010149751374414344,0.0,0.0,0.00037000265468626676,0.0
0.4396358623896639,15.510759614978358,0.40569604246905383,-0.5677583563520054,0.0,0.0,0.00037000265468626676,0.0
0.44043521798790847,4.042751539566855,-10.44793818795256,-0.8070859111721862,0.0,0.0,0.00037000265468626676,0.0
0.44123891330840953,3.024144507519429,8.958610759461706,-0.5657134462775366,0.0,0.0,0.00037000265468626676,0.0
0.44204706104923386,14.816680533392507,9.18732525606306,0.5047793521225601,0.0,0.0,0.00037000265468626676,0.0
0.4428596287742969,2.7668464908198627,8.62468013654892,0.660362198916115,0.0,0.0,0.00037000265468626676,0.0
0.4436767310232781,-3.3803187441657467,6.169738932384712,0.5810373830262092,0.0,0.0,0.00037000265468626676,0.0
0.4444983356080884,-6.002703669227149,-10.294707736297005,-1.5984634866096452,0.0,0.0,0.00037000265468626676,0.0
0.4453245589598329,-6.727788875683042,-0.5735947653874697,-1.2481760458605187,0.0,0.0,0.00037000265468626676,0.0
0.4461553691590297,15.580884311341078,7.6338670736317,0.0886983586581641,0.0,0.0,0.00037000265468626676,0.0
0.4469908845798576,-7.186250250087974,13.123903192364232,-0.44685989737496323,0.0,0.0,0.00037000265468626676,0.0
0.44783107359313984,5.123425203326439,5.63397280816001,0.20820974188353947,0.0,0.0,0.00037000265468626676,0.0
0.44867605656969706,-4.903199722200013,8.601143603586758,-1.7438170772506256,0.0,0.0,0.00037000265468626676,0.0
0.4495258021935023,-2.541274078246047,10.849159103068157,-0.6119478567165411,0.0,0.0,0.00037000265468626676,0.0
0.45038043288759433,10.762753698126627,5.383600154242125,0.38941883739794664,0.0,0.0,0.00037000265468626676,0.0
0.45123991767315125,-10.063571930082304,5.741917321201874,-1.2361477941208974,0.0,0.0,0.00037000265468626676,0.0
0.45210438108310896,11.434876272456867,3.088823398935016,0.9743086935877958,0.0,0.0,0.00037000265468626676,0.0
0.45297379250118336,14.234280089286225,6.504131065576133,0.4318885045102791,0.0,0.0,0.00037000265468626676,0.0
0.453848278630089,-12.061655102725195,-15.133704564716151,-0.37555087991703273,0.0,0.0,0.00037000265468626676,0.0
0.45472784909678393,10.595139159526191,9.47462532578763,1.3430363795020384,0.0,0.0,0.00037000265468626676,0.0
0.45561251327387986,-14.425687646931214,3.8265026258663903,-1.406736362193535,0.0,0.0,0.00037000265468626676,0.0
0.45650240123613905,-15.206120211971504,8.733385362550786,-1.318670376132254,0.0,0.0,0.00037000265468626676,0.0
0.4573974833934983,-12.093426776795672,14.802957053031419,1.5315308164694847,0.0,0.0,0.00037000265468626676,0.0
0.4582978921505389,16.59381634171838,-13.187654846950322,-0.0304249411685073,0.0,0.0,0.00037000265468626676,0.0
0.4592035983795355,-11.266267081676556,-1.72782131850688,-0.21358284550837178,0.0,0.0,0.00037000265468626676,0.0
0.4601147368833427,-6.198513188669662,0.2992795817124527,-1.1388362963247258,0.0,0.0,0.00037000265468626676,0.0
0.4610312790286077,12.490589947534303,15.979425540823115,1.47243751275488,0.0,0.0,0.00037000265468626676,0.0
0.46195336208763565,-12.478099035687478,-3.0597420425025863,-1.6069861827751304,0.0,0.0,0.00037000265468626676,0.0
0.462880957955213,0.13841751780226488,8.565490104175657,-1.614165308506688,0.0,0.0,0.00037000265468626676,0.0
0.4638142064471313,-3.1032923944833724,16.010271857435008,0.42459983053462874,0.0,0.0,0.00037000265468626676,0.0
0.4647530800219137,9.165022800740473,-12.159108287931167,1.7193183534960523,0.0,0.0,0.00037000265468626676,0.0
0.46569772111587504,-14.444057173550444,-10.65622635759852,0.4512656427860238,0.0,0.0,0.00037000265468626676,0.0
0.4666481027888119,13.885734000089899,-4.537380824035306,-0.6418121474784125,0.0,0.0,0.00037000265468626676,0.0
0.46760437017775136,4.035668835436521,-13.437608736533576,-1.4878017535753862,0.0,0.0,0.00037000265468626676,0.0
0.4685665405878541,4.859642032269195,12.142740631652185,0.5821300084505513,0.0,0.0,0.00037000265468626676,0.0
0.46953463112685595,13.699216224005328,13.264334188075592,1.689738569190287,0.0,0.0,0.00037000265468626676,0.0
0.470508791140532,-10.603190270979757,8.420118690823067,1.1915330416249768,0.0,0.0,0.00037000265468626676,0.0
0.4714889953698623,-16.95760081425145,-12.970533078068785,0.6914808756059521,0.0,0.0,0.00037000265468626676,0.0
0.47247539607667616,15.787824375371622,-5.114972659936934,0.5214469554345253,0.0,0.0,0.00037000265468626676,0.0
0.4734679687515833,-7.593445301397286,-7.234002660220759,-0.7553830658778731,0.0,0.0,0.00037000265468626676,0.0
0.47446686866501897,6.540535483535632,2.414482037342601,1.4621715811970724,0.0,0.0,0.00037000265468626676,0.0
0.4754720721050037,-5.924288001735012,-8.684049920162456,-0.18610921769452696,0.0,0.0,0.00037000265468626676,0.0
0.47648373744708505,1.0303348503309828,-8.266647285884257,0.46015176146385206,0.0,0.0,0.00037000265468626676,0.0
0.4775018418271414,-7.1368297099177385,-13.425830744449279,1.561573511207909,0.0,0.0,0.00037000265468626676,0.0
0.47852654682650436,13.988122118248901,10.84547011706868,-0.7736238580770943,0.0,0.0,0.00037000265468626676,0.0
0.47955783048218426,1.4665210532311144,-12.250498673821065,0.5077847324622369,0.0,0.0,0.00037000265468626676,0.0
0.48059585768635704,-5.779589943556993,15.601151918726556,-0.7488901416918549,0.0,0.0,0.00037000265468626676,0.0
0.4816406074334411,14.28714979741758,-3.292172409324619,-1.8234698637455045,0.0,0.0,0.00037000265468626676,0.0
0.48269224803614197,-13.040170274924623,-16.75933857600249,1.673406066876563,0.0,0.0,0.00037000265468626676,0.0
0.48375075950574925,13.26663874917438,14.522574569733433,1.0153697534205246,0.0,0.0,0.00037000265468626676,0.0
0.4848163136900614,-0.381919815001629,-15.869320338245618,-1.760788243863832,0.0,0.0,0.00037000265468626676,0.0
0.4858889403016092,1.0839702978115562,7.779756929758762,-0.24885503708459158,0.0,0.0,0.00037000265468626676,0.0
0.48696866897843,-9.671178995300277,2.0205032973151367,1.5111885248042463,0.0,0.0,0.00037000265468626676,0.0
0.48805567709714764,-6.00062760059249,-1.9952392042635598,0.0165238621315672,0.0,0.0,0.00037000265468626676,0.0
0.489149947494138,-12.004909540373331,16.043893566981424,-0.559002411903779,0.0,0.0,0.00037000265468626676,0.0
0.49025166139067733,1.3928409999487386,-14.750739272837857,-0.7561839816222774,0.0,0.0,0.00037000265468626676,0.0
0.4913608028762264,9.386160199364133,-5.708141357436171,-0.5997362588179908,0.0,0.0,0.00037000265468626676,0.0
0.4924775571505869,8.237701514624403,14.455002753778292,1.0728932666586923,0.0,0.0,0.00037000265468626676,0.0
0.4936019096327767,12.841768738208303,-12.013325183776844,-0.3621767703690561,0.0,0.0,0.00037000265468626676,0.0
0.4947340496412312,-5.72493288363823,-0.7570712239015719,-0.8783165978652663,0.0,0.0,0.00037000265468626676,0.0
0.4958739640054661,-2.8302453281470976,8.057113017274917,0.11452456641777241,0.0,0.0,0.00037000265468626676,0.0
0.49702184630925317,-11.929162223351751,6.451982355934204,-0.903267270886496,0.0,0.0,0.00037000265468626676,0.0
0.4981776848783052,4.525858748802701,-8.12682898044514,-1.6461672009823451,0.0,0.0,0.00037000265468626676,0.0
0.4993416777154123,12.663836501347095,-7.055499923436497,1.1078154168880634,0.0,0.0,0.00037000265468626676,0.0
0.5005138147332531,9.852964969224928,-2.756165813986702,-1.222614804248922,0.0,0.0,0.00037000265468626676,0.0
0.5016942985147068,15.039547117506567,-3.252032426982466,0.9380175965065747,0.0,0.0,0.00037000265468626676,0.0
0.5028831206555915,0.6845233239078662,-9.573105612830773,0.3501797480975069,0.0,0.0,0.00037000265468626676,0.0
0.5040804884877752,-13.901762627675167,2.7049316957124203,-0.6431697942241571,0.0,0.0,0.00037000265468626676,0.0
0.5052864500723986,-2.6307685375426852,-3.0962023800648133,-1.0440033509828714,0.0,0.0,0.00037000265468626676,0.0
0.5065010536267797,-8.907942424118229,9.619872034543794,-1.608033645250286,0.0,0.0,0.00037000265468626676,0.0
0.5077245139413025,4.836588949282221,0.7163120514354862,-1.2893763931332958,0.0,0.0,0.00037000265468626676,0.0
0.508956827279204,9.490442976997022,12.766390531729161,-1.2585834057306033,0.0,0.0,0.00037000265468626676,0.0
0.5101982136395229,1.631619534700638,5.31242571220197,-1.536290778566286,0.0,0.0,0.00037000265468626676,0.0
0.5114486713532529,-9.849313050059482,-12.234408219485488,0.6281432030578327,0.0,0.0,0.00037000265468626676,0.0
0.5127084258283126,16.420478376504587,9.426130916008605,0.6399120293632142,0.0,0.0,0.00037000265468626676,0.0
0.5139774775888128,-6.070279082847375,-6.192823620190683,0.0687725184203583,0.0,0.0,0.00037000265468626676,0.0
0.5152560576620036,-6.762389634530118,6.273696944354693,0.17776397598174437,0.0,0.0,0.00037000265468626676,0.0
0.5165441688982293,-11.297778774412448,6.688629122947027,1.1879161999334331,0.0,0.0,0.00037000265468626676,0.0
0.5178420481653914,8.110546071965514,7.536717280479522,-0.9961694928835239,0.0,0.0,0.00037000265468626676,0.0
0.519149700781481,-15.018916047077994,4.123869381489548,-0.2588046520435195,0.0,0.0,0.00037000265468626676,0.0
0.5204673696879321,-6.327087776619834,-5.3056782675740495,1.6130283472938185,0.0,0.0,0.00037000265468626676,0.0
0.5217950628206764,-9.722038313417997,-12.482815237599697,-1.5545989033978265,0.0,0.0,0.00037000265468626676,0.0
0.5231330294398674,16.334064521044123,5.8798885832418755,-1.2747358014349721,0.0,0.0,0.00037000265468626676,0.0
0.524481280259184,-13.282939709116059,0.23045765598098966,-1.3651703652446132,0.0,0.0,0.00037000265468626676,0.0
0.525840071115792,14.311748144275645,11.53249990128117,1.3595160656583845,0.0,0.0,0.00037000265468626676,0.0
0.5272094777819173,-1.2125253488979895,-4.530273299192619,0.43471794485293325,0.0,0.0,0.00037000265468626676,0.0
0.5285895766116029,7.05259854562195,-3.2434788166070296,-0.6440503478122347,0.0,0.0,0.00037000265468626676,0.0
0.5299806338227242,11.191089829293997,13.651617623500961,1.649385836254324,0.0,0.0,0.00037000265468626676,0.0
0.5313826678412495,14.380402268819944,13.134571167105744,-1.7545531488902983,0.0,0.0,0.00037000265468626676,0.0
0.5327959521709729,13.06245511589765,16.85549707938456,1.2038513097945147,0.0,0.0,0.00037000265468626676,0.0
0.5342205086602112,11.184317906092298,-10.129315410294451,1.413108762631249,0.0,0.0,0.00037000265468626676,0.0
0.5356566184100925,2.6996548768146957,-5.554674952086962,-0.0023100056329920095,0.0,0.0,0.00037000265468626676,0.0
0.5371043069031921,-15.22597394097068,-5.067284243232233,-1.4472886955322846,0.0,0.0,0.00037000265468626676,0.0
0.5385638631669476,14.237264723575134,3.9231921348097423,-0.31830581984630385,0.0,0.0,0.00037000265468626676,0.0
0.5400353165441383,7.950304544275757,-15.161124336333621,-0.826054194526899,0.0,0.0,0.00037000265468626676,0.0
0.5415189643362627,-4.046300793389028,11.24194357979638,-1.6497059486105023,0.0,0.0,0.00037000265468626676,0.0
0.5430148399873478,14.778730534191482,13.03769481413133,0.7085628784841279,0.0,0.0,0.00037000265468626676,0.0
0.5445232494407988,-6.696239032948477,-0.967535115644825,-0.02219907051280813,0.0,0.0,0.00037000265468626676,0.0
0.5460442304991856,-10.337579629916855,13.77958049969793,0.7008212734057125,0.0,0.0,0.00037000265468626676,0.0
0.5475780981371842,0.8196159466169838,-15.050638836162985,1.7560269064396616,0.0,0.0,0.00037000265468626676,0.0
0.5491249649735689,9.419395911963266,11.980253543991665,-0.2904370902851582,0.0,0.0,0.00037000265468626676,0.0
0.5506849448781425,13.103887378133189,0.3915577176720814,-1.5515878685091837,0.0,0.0,0.00037000265468626676,0.0
0.5522583671535697,0.7002936521403561,14.642643873972322,-0.9076558052212546,0.0,0.0,0.00037000265468626676,0.0
0.5538452817427858,9.889107675603414,8.091455916341003,1.6414168501683002,0.0,0.0,0.00037000265468626676,0.0
0.5554460280577657,1.827474223526514,7.707441722203875,0.8758009721543599,0.0,0.0,0.00037000265468626676,0.0
0.5570606614476599,-2.0593841372507256,-10.72251196149602,-0.7612266930583779,0.0,0.0,0.00037000265468626676,0.0
0.5586895319115074,14.156249968070572,10.405670427092865,0.24952078504446804,0.0,0.0,0.00037000265468626676,0.0
0.5603327005523404,-9.705905978158352,-5.003145549566719,-1.6051805646781618,0.0,0.0,0.00037000265468626676,0.0
0.5619905284636167,-11.60676794501038,13.215025845302751,1.646552583416845,0.0,0.0,0.00037000265468626676,0.0
0.5636630828746173,-0.2932358794714029,5.475727849474638,0.14928730155438594,0.0,0.0,0.00037000265468626676,0.0
0.565350736512422,4.049415391143588,-2.5806681746300817,-1.7352809157708238,0.0,0.0,0.00037000265468626676,0.0
0.567053563131652,-6.138933773191325,-12.223761660847517,0.6441127247814906,0.0,0.0,0.00037000265468626676,0.0
0.5687719476665136,6.992606828581714,4.0954097067789315,-1.501444154965903,0.0,0.0,0.00037000265468626676,0.0
0.5705059708249987,8.38173078975876,13.40867676226794,-0.02735194188324373,0.0,0.0,0.00037000265468626676,0.0
0.5722560303589164,15.275789320584407,12.143493602945071,-1.6193104945039696,0.0,0.0,0.00037000265468626676,0.0
0.574022214389024,16.049620554238075,2.2484871236825126,0.177428816378367,0.0,0.0,0.00037000265468626676,0.0
0.5758049341351051,-4.204699538890441,11.213190712525995,0.17411446878438497,0.0,0.0,0.00037000265468626676,0.0
0.5776043673028116,7.12437229685526,-16.906027419158864,0.07427818246367247,0.0,0.0,0.00037000265468626676,0.0
0.5794206942372233,15.91643359270385,-7.977594278823622,1.06594356768719,0.0,0.0,0.00037000265468626676,0.0
0.5812543476748994,10.4926498828635,8.224726612090672,-0.21411647799258912,0.0,0.0,0.00037000265468626676,0.0
0.58310543650899,13.860254142645953,0.3738127318943203,-0.67703230827243,0.0,0.0,0.00037000265468626676,0.0
0.5849744087662068,-0.7156235778992153,-3.6543170236871654,1.0624329022772057,0.0,0.0,0.00037000265468626676,0.0
0.586861382648153,-0.9026327545950728,-0.9384968924046219,-0.4260147778458648,0.0,0.0,0.00037000265468626676,0.0
0.5887668222889024,-5.436135698788701,9.390387672421515,0.3890151865468734,0.0,0.0,0.00037000265468626676,0.0
0.5906908558359676,-15.7235391932217,-16.286499815914173,1.1404904065715058,0.0,0.0,0.00037000265468626676,0.0
0.5926339644048603,-11.420325230721534,3.3849686235259484,0.13940693058144896,0.0,0.0,0.00037000265468626676,0.0
0.5945962867761106,-6.5153559635672265,3.1996791522060075,-1.0077211005503992,0.0,0.0,0.00037000265468626676,0.0
0.5965783219824524,13.180365111977272,2.323150309281817,-1.3731257994799755,0.0,0.0,0.00037000265468626676,0.0
0.5985802201786949,-12.594321225074856,-4.169173434285951,-0.8371993961951307,0.0,0.0,0.00037000265468626676,0.0
0.6006024993176122,-7.142876068832308,15.446501168089153,-0.07430980578339656,0.0,0.0,0.00037000265468626676,0.0
0.6026453217286798,13.231839981153808,-4.150499730795252,0.607472663042716,0.0,0.0,0.00037000265468626676,0.0
0.6047092253604357,11.416218996015843,9.034397932705703,-0.5457940768392863,0.0,0.0,0.00037000265468626676,0.0
0.6067943855820351,-7.194584466917844,11.179841304116096,0.9339832315571955,0.0,0.0,0.00037000265468626676,0.0
0.6089013614928865,16.887475955229903,4.877044363940884,-1.2236355938857333,0.0,0.0,0.00037000265468626676,0.0
0.611030439132998,-4.540329556877065,15.146234136145367,0.22418395033029667,0.0,0.0,0.00037000265468626676,0.0
0.6131819099079696,9.776305666891744,5.24922887590798,-0.3645937824401245,0.0,0.0,0.00037000265468626676,0.0
0.615356367001058,-16.47594552653644,-9.442520233226164,-1.3917098405133639,0.0,0.0,0.00037000265468626676,0.0
0.6175540226461299,-4.298716406246026,-2.281582487979064,-1.567921753296686,0.0,0.0,0.00037000265468626676,0.0
0.619775494461266,13.818956322986606,-3.046210673628647,1.1138349836965538,0.0,0.0,0.00037000265468626676,0.0
0.6220210113506786,6.781447491311602,-9.969110405703738,-0.7568999786358452,0.0,0.0,0.00037000265468626676,0.0
0.6242912168618254,-0.7613095855437696,-0.025339820484312083,1.2252651051427135,0.0,0.0,0.00037000265468626676,0.0
0.6265863578108559,-13.245599045994577,-12.778459730267333,-0.9598736657572227,0.0,0.0,0.00037000265468626676,0.0
0.6289071052874043,-8.036415782164884,10.35887418063708,0.011717365299272335,0.0,0.0,0.00037000265468626676,0.0
0.6312537253688079,-13.995869552186763,15.393350104337149,0.04650147345412108,0.0,0.0,0.00037000265468626676,0.0
0.6336269184293429,4.6194757884037365,10.374746226439296,0.9699129038713633,0.0,0.0,0.00037000265468626676,0.0
0.6360269712754008,9.352141409809477,6.684506196536908,0.9550973567548433,0.0,0.0,0.00037000265468626676,0.0
0.6384546154507552,7.276621750079496,-13.036870897706155,-0.6782946213910439,0.0,0.0,0.00037000265468626676,0.0
0.6409101600895846,-12.107329360750526,-2.9405215309671675,-0.5043991262950133,0.0,0.0,0.00037000265468626676,0.0
0.6433943699466017,-2.261347615922923,-0.5327309060319808,0.4374002932312682,0.0,0.0,0.00037000265468626676,0.0
0.6459075782270898,8.300509391133607,13.659779948959525,-1.8250272871435578,0.0,0.0,0.00037000265468626676,0.0
0.6484505851106002,-12.141435228470657,-8.553861187738548,1.5937589806892118,0.0,0.0,0.00037000265468626676,0.0
0.6510238667289566,8.199452840099122,9.443925863775556,-1.086896110081087,0.0,0.0,0.00037000265468626676,0.0
0.6536279102342486,-8.305184727132325,2.5943754472061826,1.844461324687094,0.0,0.0,0.00037000265468626676,0.0
0.6562635735163117,5.994246245537633,11.12188048485601,-1.4408725446810164,0.0,0.0,0.00037000265468626676,0.0
0.658931258678475,-15.935792380642589,-8.338489120516488,0.9927753253400127,0.0,0.0,0.00037000265468626676,0.0
0.6616318654467118,1.1345326743984838,-13.514461140616069,-0.19201448085806605,0.0,0.0,0.00037000265468626676,0.0
0.6643658274758184,-12.719684173073183,-4.88677248172037,1.5512830416855827,0.0,0.0,0.00037000265468626676,0.0
0.6671340893003127,-6.597540361618239,3.449494115315629,1.462308287445527,0.0,0.0,0.00037000265468626676,0.0
0.6699371187409059,-9.138327197598837,12.170460310501669,0.4324280064358067,0.0,0.0,0.00037000265468626676,0.0
0.6727759083846555,-6.467085058459609,-2.168996140136929,-1.4738078416552143,0.0,0.0,0.00037000265468626676,0.0
0.6756509630897373,12.215749048212432,-8.688008925706018,1.5870347542819339,0.0,0.0,0.00037000265468626676,0.0
0.6785633270415817,11.680359624558134,1.541065410441966,-1.4841558737744702,0.0,0.0,0.00037000265468626676,0.0
0.6815135452943865,8.185363784663485,-3.481483402635582,1.0078863519101207,0.0,0.0,0.00037000265468626676,0.0
0.6845027175138603,-0.9244021996543932,7.109795574256367,-0.28473189768788215,0.0,0.0,0.00037000265468626676,0.0
0.687531432429748,-3.734463417482356,-12.09036193117963,-0.6011318311316107,0.0,0.0,0.00037000265468626676,0.0
0.6906008494448361,-6.834708524578148,-3.7660526815658164,-1.1815017207292062,0.0,0.0,0.00037000265468626676,0.0
0.6937117463029532,-10.986723382426739,6.159384774623933,-0.19289460982153697,0.0,0.0,0.00037000265468626676,0.0
0.6968649223216012,4.611857277580559,3.2319584875824776,0.8639040770494775,0.0,0.0,0.00037000265468626676,0.0
0.7000616354216351,-2.021813188327742,0.6938360412224084,-1.3249604744306016,0.0,0.0,0.00037000265468626676,0.0
0.7033026012152165,-3.9690820694295574,-5.454536914422464,-0.4029461754777111,0.0,0.0,0.00037000265468626676,0.0
0.7065891499474388,-10.696067005852816,-2.5996289789791924,-1.4145748835100922,0.0,0.0,0.00037000265468626676,0.0
0.7099220562214295,2.180767803877184,-0.7068293293259872,1.4125321907498702,0.0,0.0,0.00037000265468626676,0.0
0.7133027285657393,12.16247004727168,3.793382273768987,1.814159998225693,0.0,0.0,0.00037000265468626676,0.0
0.716732006063393,9.979514382860367,2.3486753500336293,1.2169209838106676,0.0,0.0,0.00037000265468626676,0.0
0.7202113821144039,5.262417630788662,2.914955119742585,-0.6749911624106616,0.0,0.0,0.00037000265468626676,0.0
0.723741766385594,-2.7771150161306206,12.415089349754048,0.2778750849348489,0.0,0.0,0.00037000265468626676,0.0
0.7273247444460842,-13.30948964740773,8.820011795963843,-0.8236120247476537,0.0,0.0,0.00037000265468626676,0.0
0.7309613033474008,-2.756351612767965,-11.709242108827333,-1.83966086251228,0.0,0.0,0.00037000265468626676,0.0
0.7346531289282184,-4.905555047411397,-5.023872076324284,1.112531707301379,0.0,0.0,0.00037000265468626676,0.0
0.7384012932175356,-10.422571025083021,1.8598132561537701,-1.3937355431617389,0.0,0.0,0.00037000265468626676,0.0
0.7422075913344651,8.486232412118435,14.888681996879843,-0.0781474104129303,0.0,0.0,0.00037000265468626676,0.0
0.7460731887800873,-12.206354073725597,4.474603245388526,-1.6607274280554263,0.0,0.0,0.00037000265468626676,0.0
0.75,3.652097104954291,-3.1473845687554967,-0.20401534743753458,0.0,0.0,0.00037000265468626676,0.0
